candidate,strategy,fast,slow,rsi_period,mom_window,rsi_bull,rsi_bear,score_threshold,mae_ratio_mean,mae_ratio_median,directional_accuracy_mean,signal_coverage_mean,composite,neutral_band
111,ma,20,50,,,,,,0.9771376813618557,0.9233947364003201,0.7963636363636364,0.5690909090909091,-0.1694986822745079,0.003
221,trend_momentum,20,50,,20.0,,,,0.9875029718641104,0.9429028816412424,0.7963636363636364,0.4945454545454545,-0.15540611904498053,0.003
96,ma,10,50,,,,,,0.9937831165925612,0.9219710473424321,0.7959633027522935,0.5072727272727272,-0.1495621711472219,0.005
261,trend_momentum,20,50,,10.0,,,,0.9945709738513413,0.9414777171330148,0.7963636363636364,0.4490909090909091,-0.14606538978502234,0.003
95,ma,5,50,,,,,,1.001585049190855,0.9535339036730417,0.7947169811320756,0.5381818181818181,-0.1426825322842738,0.005
112,ma,5,100,,,,,,1.0099314303032305,0.959107407612907,0.7963636363636364,0.6854545454545454,-0.13397766060586042,0.005
245,trend_momentum,20,50,,5.0,,,,1.0068583545787053,0.9418425696340778,0.7963636363636364,0.40909090909090906,-0.13177800905765832,0.003
188,ma_rsi,20,50,7.0,,55.0,45.0,,1.0113967974059916,0.9596353936004938,0.7963636363636364,0.33090909090909093,-0.1233304753212811,0.003
113,ma,10,100,,,,,,1.0216594304578526,0.9697706771747759,0.7963636363636364,0.6799999999999999,-0.12252238772396562,0.005
93,ma,20,100,,,,,,1.0301328489110957,0.9312685250035908,0.7963636363636364,0.7036363636363636,-0.11286715108890433,0.003
115,ma,20,100,,,,,,1.0332885373234293,0.9691988360361514,0.7963636363636364,0.6599999999999999,-0.1118932808583889,0.005
237,trend_momentum,5,30,,20.0,,,,1.0317003008111911,1.0782055723501351,0.7963636363636364,0.48545454545454547,-0.11075424464335434,0.003
98,ma,20,30,,,,,,1.0271064538152102,0.9331271852954974,0.7963636363636364,0.3618181818181818,-0.10916627345751713,0.003
235,trend_momentum,20,100,,10.0,,,,1.037398601599022,0.942931586310874,0.7963636363636364,0.5454545454545454,-0.10805594385552349,0.003
107,ma,5,30,,,,,,1.036433959138259,1.0498199669303783,0.7963636363636364,0.5236363636363637,-0.1079296772253774,0.003
106,ma,10,100,,,,,,1.0381079619675024,0.9352456526403463,0.7963636363636364,0.7090909090909091,-0.1046193107597703,0.003
238,trend_momentum,10,100,,10.0,,,,1.042396342828399,0.9421882639468991,0.7963636363636364,0.5509090909090909,-0.10333092989887363,0.003
222,trend_momentum,20,100,,20.0,,,,1.0463974450009716,0.9488270987214007,0.7963636363636364,0.5945454545454545,-0.10151164590811927,0.003
255,trend_momentum,10,100,,20.0,,,,1.0472885249618744,0.9478192460440144,0.7963636363636364,0.6,-0.10089329321994378,0.003
349,ma_rsi,20,50,21.0,,60.0,45.0,,1.0264865955738525,0.9787129109990649,0.7963636363636364,0.12363636363636363,-0.0978770407897839,0.003
227,trend_momentum,20,30,,20.0,,,,1.0369973193218058,0.945654339160952,0.7963636363636364,0.3327272727272727,-0.09782086249637599,0.003
99,ma,10,50,,,,,,1.0490159900210654,1.009493800696986,0.7947169811320756,0.6345454545454545,-0.09661522781769967,0.003
241,trend_momentum,5,50,,10.0,,,,1.0490344334974235,0.9820943322283835,0.7942857142857143,0.6381818181818182,-0.09619933273634268,0.001
219,trend_momentum,5,30,,10.0,,,,1.0449567132314315,1.078633688085216,0.7963636363636364,0.45272727272727276,-0.09586146858675036,0.003
224,trend_momentum,10,100,,5.0,,,,1.0482979282067184,0.945350659044752,0.7963636363636364,0.509090909090909,-0.09533843542964524,0.003
91,ma,20,30,,,,,,1.0322981502296404,0.9461723562742561,0.7963636363636364,0.18363636363636365,-0.09506548613399593,0.005
204,ma_rsi,5,50,7.0,,55.0,40.0,,1.0482652045584284,0.9550441944824176,0.7955555555555556,0.4963636363636364,-0.09433075503753119,0.001
254,trend_momentum,10,50,,10.0,,,,1.0528529280004668,0.9513961984952599,0.7947169811320756,0.6054545454545455,-0.0942328352928437,0.001
191,ma_rsi,5,50,7.0,,55.0,45.0,,1.048837705050558,0.9579066969430654,0.7955555555555556,0.4981818181818182,-0.09384916363631074,0.001
105,ma,20,30,,,,,,1.0531647133925321,1.0466756315656909,0.7961904761904762,0.5745454545454545,-0.09365779742997869,0.001
234,trend_momentum,20,100,,5.0,,,,1.0498283471189807,0.9471415207734752,0.7963636363636364,0.5036363636363637,-0.09353528924465572,0.003
94,ma,5,100,,,,,,1.0490913092294298,0.9380710322791767,0.7963636363636364,0.72,-0.09309050895238835,0.003
236,trend_momentum,5,50,,5.0,,,,1.0533114495311258,0.9804452312482124,0.7947169811320756,0.5781818181818181,-0.09295613194400293,0.001
103,ma,5,50,,,,,,1.0532017331059265,1.006010163734038,0.7942857142857143,0.64,-0.09194112403693067,0.003
216,trend_momentum,5,100,,10.0,,,,1.0548700702583476,0.9425122243520455,0.7963636363636364,0.5618181818181818,-0.09140265701437972,0.003
258,trend_momentum,10,50,,5.0,,,,1.0555113397673876,0.9565812878622071,0.7951401869158878,0.5454545454545455,-0.08933148096328355,0.001
117,ma,10,50,,,,,,1.052207729310976,0.9391055827395723,0.7961904761904762,0.750909090909091,-0.08834205423880762,0.001
109,ma,20,50,,,,,,1.054481659579284,0.9344678141504631,0.7963636363636364,0.7272727272727273,-0.08733652223889775,0.001
218,trend_momentum,5,100,,5.0,,,,1.0576915301456336,0.9446224155745626,0.7963636363636364,0.52,-0.08649028803618464,0.003
125,ma_rsi,5,30,7.0,,55.0,40.0,,1.0504602327749422,1.026734866506639,0.7963636363636364,0.34181818181818185,-0.08481249449778512,0.003
203,ma_rsi,5,30,14.0,,55.0,45.0,,1.0516400703280628,1.0283277498813725,0.7963636363636364,0.3618181818181818,-0.08463265694466444,0.003
154,ma_rsi,5,30,14.0,,55.0,40.0,,1.0520425879705357,1.0255737826314082,0.7963636363636364,0.3581818181818182,-0.08404832112037336,0.003
232,trend_momentum,5,50,,20.0,,,,1.0583929792353843,0.9835954491663152,0.7942857142857143,0.6963636363636363,-0.08393169608929098,0.001
215,trend_momentum,10,50,,20.0,,,,1.0618188127561017,1.021589786101852,0.7947169811320756,0.5654545454545454,-0.08381240508266337,0.003
132,ma_rsi,20,100,7.0,,55.0,45.0,,1.055868580785439,0.958245863664942,0.7963636363636364,0.41090909090909095,-0.08285869194183364,0.003
260,trend_momentum,10,50,,20.0,,,,1.0612480223591403,0.9500140566652346,0.7947169811320756,0.6654545454545454,-0.08283774093417022,0.001
256,trend_momentum,5,30,,5.0,,,,1.0558003414889117,1.078934481367439,0.7963636363636364,0.40545454545454546,-0.0826542039656338,0.003
210,trend_momentum,5,100,,20.0,,,,1.0651518304277212,0.9478245195667329,0.7963636363636364,0.610909090909091,-0.08248453320864244,0.003
190,ma_rsi,10,100,7.0,,60.0,40.0,,1.0498088308086824,0.9551173725183978,0.7963636363636364,0.27999999999999997,-0.08237298737313582,0.003
212,trend_momentum,20,30,,5.0,,,,1.0497379163013842,0.950830391565099,0.7963636363636364,0.27272727272727276,-0.08208026551679759,0.003
65,combo,5,50,7.0,20.0,60.0,40.0,3.0,1.0569675580471576,0.9562581322392384,0.7963636363636364,0.41454545454545455,-0.08194153286193334,
69,combo,5,50,14.0,20.0,60.0,40.0,3.0,1.0569675580471576,0.9562581322392384,0.7963636363636364,0.41454545454545455,-0.08194153286193334,
275,combo,5,50,14.0,20.0,60.0,45.0,3.0,1.0569675580471576,0.9562581322392384,0.7963636363636364,0.41454545454545455,-0.08194153286193334,
153,ma_rsi,5,30,21.0,,55.0,45.0,,1.0544549054296948,1.0305161325696977,0.7963636363636364,0.36,-0.08172691275212342,0.003
5,combo,5,50,21.0,10.0,60.0,45.0,3.0,1.058292110670411,0.9565618650674262,0.7963636363636364,0.43090909090909096,-0.08143516205686167,
80,combo,5,50,14.0,10.0,55.0,45.0,3.0,1.058292110670411,0.9565618650674262,0.7963636363636364,0.43090909090909096,-0.08143516205686167,
327,combo,5,50,7.0,10.0,60.0,40.0,3.0,1.058292110670411,0.9565618650674262,0.7963636363636364,0.43090909090909096,-0.08143516205686167,
329,combo,5,50,7.0,10.0,55.0,40.0,3.0,1.058292110670411,0.9565618650674262,0.7963636363636364,0.43090909090909096,-0.08143516205686167,
263,combo,5,30,7.0,10.0,55.0,40.0,3.0,1.0589457947580712,0.9568122470208541,0.7963636363636364,0.4381818181818182,-0.08114511433283794,
209,trend_momentum,20,30,,20.0,,,,1.0624464411072565,1.0423353128740172,0.7947169811320756,0.5145454545454544,-0.080639322186054,0.001
208,trend_momentum,5,50,,20.0,,,,1.0657917394662015,1.0138375044455454,0.7942857142857143,0.5745454545454546,-0.08007839040392832,0.003
116,ma,5,50,,,,,,1.0591538598431278,0.9809581200360104,0.7957692307692308,0.78,-0.07973075554148756,0.001
271,combo,10,30,7.0,20.0,55.0,40.0,3.0,1.0598277640197147,0.9566991464579488,0.7963636363636364,0.4127272727272727,-0.07899041779846715,
294,combo,5,30,7.0,20.0,55.0,40.0,3.0,1.0602894631385293,0.9564460659264116,0.7963636363636364,0.42000000000000004,-0.07889235504328886,
7,combo,5,30,21.0,20.0,55.0,45.0,3.0,1.0604133432772151,0.9563622549920532,0.7963636363636364,0.42000000000000004,-0.07876847490460305,
71,combo,5,30,21.0,20.0,60.0,40.0,3.0,1.0604133432772151,0.9563622549920532,0.7963636363636364,0.42000000000000004,-0.07876847490460305,
243,trend_momentum,20,50,,20.0,,,,1.0682551838082552,0.9518460671331019,0.7963636363636364,0.6345454545454545,-0.07819936164629022,0.001
141,ma_rsi,5,50,7.0,,60.0,40.0,,1.0579785280292051,0.9591003640110969,0.7955555555555556,0.3618181818181818,-0.07789015883948176,0.001
268,combo,10,30,14.0,20.0,60.0,40.0,3.0,1.06104510767612,0.9563548563139561,0.7963636363636364,0.4127272727272727,-0.07777307414206179,
338,combo,10,30,14.0,20.0,60.0,45.0,3.0,1.06104510767612,0.9563548563139561,0.7963636363636364,0.4127272727272727,-0.07777307414206179,
345,combo,10,30,21.0,20.0,55.0,40.0,3.0,1.06104510767612,0.9563548563139561,0.7963636363636364,0.4127272727272727,-0.07777307414206179,
32,combo,10,30,7.0,10.0,60.0,40.0,3.0,1.0617421806882172,0.9562590973354652,0.7963636363636364,0.42363636363636364,-0.07762145567541913,
295,combo,10,30,14.0,10.0,60.0,45.0,3.0,1.0617421806882172,0.9562590973354652,0.7963636363636364,0.42363636363636364,-0.07762145567541913,
300,combo,10,30,14.0,10.0,60.0,40.0,3.0,1.0617421806882172,0.9562590973354652,0.7963636363636364,0.42363636363636364,-0.07762145567541913,
348,combo,10,30,21.0,10.0,60.0,45.0,3.0,1.0617421806882172,0.9562590973354652,0.7963636363636364,0.42363636363636364,-0.07762145567541913,
296,combo,20,30,7.0,20.0,55.0,40.0,3.0,1.0609461689024593,0.9556037258137855,0.7963636363636364,0.40727272727272734,-0.07759928564299526,
130,ma_rsi,5,50,7.0,,60.0,45.0,,1.0585649155526309,0.9591003640110969,0.7955555555555556,0.36363636363636365,-0.0773946804069651,0.001
166,ma_rsi,10,100,7.0,,55.0,45.0,,1.06172368383432,0.9559808200111016,0.7963636363636364,0.4163636363636363,-0.07727631616567998,0.003
55,combo,20,30,7.0,10.0,60.0,45.0,3.0,1.0617394970912275,0.9561385026535619,0.7963636363636364,0.4163636363636364,-0.07726050290877251,
81,combo,5,30,21.0,5.0,55.0,45.0,3.0,1.0616935776657592,0.9588709637669303,0.7963636363636364,0.4,-0.07648824051605897,
47,combo,20,30,21.0,10.0,60.0,45.0,3.0,1.0626758492887114,0.9561415241490288,0.7963636363636364,0.4163636363636364,-0.07632415071128862,
51,combo,20,30,14.0,10.0,60.0,45.0,3.0,1.0626758492887114,0.9561415241490288,0.7963636363636364,0.4163636363636364,-0.07632415071128862,
70,combo,20,30,14.0,10.0,55.0,40.0,3.0,1.0626758492887114,0.9561415241490288,0.7963636363636364,0.4163636363636364,-0.07632415071128862,
281,combo,20,30,7.0,20.0,60.0,40.0,3.0,1.0622455803017843,0.9555155817630901,0.7963636363636364,0.40727272727272734,-0.07629987424367027,
312,combo,20,30,21.0,20.0,60.0,40.0,3.0,1.0622455803017843,0.9555155817630901,0.7963636363636364,0.40727272727272734,-0.07629987424367027,
135,ma_rsi,10,50,7.0,,55.0,40.0,,1.065496261570314,0.960926155953593,0.7959633027522935,0.4709090909090909,-0.07603084435128725,0.001
9,combo,20,50,14.0,5.0,60.0,40.0,3.0,1.060791113957063,0.9581105018503561,0.7963636363636364,0.3709090909090909,-0.0759361587702098,
56,combo,20,50,14.0,5.0,55.0,45.0,3.0,1.060791113957063,0.9581105018503561,0.7963636363636364,0.3709090909090909,-0.0759361587702098,
332,combo,20,50,7.0,5.0,55.0,45.0,3.0,1.060791113957063,0.9581105018503561,0.7963636363636364,0.3709090909090909,-0.0759361587702098,
304,combo,20,50,7.0,10.0,60.0,45.0,3.0,1.0627803688087039,0.9560766058659051,0.7963636363636364,0.4,-0.07540144937311434,
8,combo,10,30,21.0,5.0,60.0,40.0,3.0,1.062090641950349,0.9581381694373163,0.7963636363636364,0.38545454545454544,-0.07536390350419639,
39,combo,10,30,7.0,5.0,60.0,45.0,3.0,1.062090641950349,0.9581381694373163,0.7963636363636364,0.38545454545454544,-0.07536390350419639,
86,combo,10,30,21.0,5.0,55.0,40.0,3.0,1.062090641950349,0.9581381694373163,0.7963636363636364,0.38545454545454544,-0.07536390350419639,
360,combo,10,30,14.0,5.0,55.0,40.0,3.0,1.062090641950349,0.9581381694373163,0.7963636363636364,0.38545454545454544,-0.07536390350419639,
97,ma,10,30,,,,,,1.0666664010848035,0.8864478621209843,0.7957692307692308,0.4763636363636364,-0.07503639611799373,0.003
21,combo,20,50,14.0,10.0,60.0,45.0,3.0,1.0633761695900397,0.9562234309431962,0.7963636363636364,0.4,-0.07480564859177853,
30,combo,20,50,21.0,10.0,55.0,45.0,3.0,1.0633761695900397,0.9562234309431962,0.7963636363636364,0.4,-0.07480564859177853,
305,combo,20,50,14.0,10.0,60.0,40.0,3.0,1.0633761695900397,0.9562234309431962,0.7963636363636364,0.4,-0.07480564859177853,
223,trend_momentum,5,50,,10.0,,,,1.0701868402654644,0.9904330906843278,0.7942857142857143,0.5345454545454545,-0.07368328960466546,0.003
73,combo,20,30,21.0,10.0,60.0,40.0,2.0,1.0733815042367936,0.9623248384574317,0.7963636363636364,0.5690909090909091,-0.07325485939957008,
108,ma,20,50,,,,,,1.0691151168558506,0.8899493873069402,0.7963636363636364,0.4818181818181818,-0.0731576104168767,0.005
155,ma_rsi,20,30,21.0,,60.0,40.0,,1.0499145634977989,0.9475908537664319,0.7963636363636364,0.08545454545454546,-0.07253998195674659,0.003
180,ma_rsi,20,30,21.0,,60.0,45.0,,1.0499145634977989,0.9475908537664319,0.7963636363636364,0.08545454545454546,-0.07253998195674659,0.003
316,combo,5,30,21.0,10.0,60.0,45.0,2.0,1.0753017291061848,0.9633440049096341,0.7963636363636364,0.5909090909090909,-0.07242554362108791,
88,combo,10,50,7.0,5.0,60.0,40.0,2.0,1.074837143027738,0.9580356796778502,0.7963636363636364,0.5618181818181818,-0.07143558424498936,
23,combo,20,30,21.0,10.0,60.0,45.0,2.0,1.0755379491754042,0.9628689087642224,0.7963636363636364,0.5745454545454546,-0.07137114173368668,
43,combo,5,50,7.0,10.0,60.0,40.0,2.0,1.076867984210099,0.9577149809095838,0.7963636363636364,0.5981818181818181,-0.07122292488081011,
162,ma_rsi,20,100,7.0,,60.0,45.0,,1.061171739200988,0.9814113131450777,0.7963636363636364,0.27454545454545454,-0.07073735170810286,0.003
173,ma_rsi,20,100,7.0,,60.0,40.0,,1.061171739200988,0.9814113131450777,0.7963636363636364,0.27454545454545454,-0.07073735170810286,0.003
58,combo,5,50,21.0,10.0,60.0,45.0,2.0,1.0767457980250792,0.9615194718463652,0.7963636363636364,0.5854545454545454,-0.07070874742946627,
171,ma_rsi,20,50,21.0,,55.0,45.0,,1.0728307481194557,0.9554421621281859,0.7963636363636364,0.48,-0.06935107006236252,0.001
19,combo,20,30,21.0,5.0,55.0,45.0,3.0,1.0684063822047025,0.9706238138405837,0.7963636363636364,0.38,-0.06877543597711568,
60,combo,20,30,7.0,5.0,55.0,40.0,3.0,1.0684063822047025,0.9706238138405837,0.7963636363636364,0.38,-0.06877543597711568,
313,combo,20,30,7.0,5.0,55.0,45.0,3.0,1.0684063822047025,0.9706238138405837,0.7963636363636364,0.38,-0.06877543597711568,
315,combo,20,30,21.0,5.0,55.0,40.0,3.0,1.0684063822047025,0.9706238138405837,0.7963636363636364,0.38,-0.06877543597711568,
343,combo,20,30,14.0,5.0,55.0,40.0,3.0,1.0684063822047025,0.9706238138405837,0.7963636363636364,0.38,-0.06877543597711568,
253,trend_momentum,20,30,,10.0,,,,1.0649692239970818,0.9509585702390312,0.7963636363636364,0.30727272727272725,-0.06857623054837272,0.003
226,trend_momentum,10,50,,10.0,,,,1.0748271673197667,1.0068440376349113,0.7947169811320756,0.52,-0.06853132324627109,0.003
328,combo,20,50,7.0,10.0,60.0,40.0,2.0,1.0784833144442685,0.9576122386025447,0.7963636363636364,0.5763636363636364,-0.06851668555573154,
233,trend_momentum,20,50,,10.0,,,,1.0789564441569512,0.9559515102492274,0.7963636363636364,0.5763636363636364,-0.06804355584304878,0.001
87,combo,10,30,21.0,10.0,60.0,40.0,2.0,1.0792868049874784,0.9625577593965207,0.7963636363636364,0.5745454545454546,-0.0676222859216125,
122,ma_rsi,20,100,21.0,,55.0,40.0,,1.0736399848123663,0.9550658759380573,0.7963636363636364,0.43999999999999995,-0.06654183336945185,0.003
230,trend_momentum,10,30,,20.0,,,,1.073141976824642,0.9056428691131819,0.7942857142857143,0.4418181818181818,-0.06609178940912426,0.003
45,combo,20,30,7.0,5.0,60.0,40.0,2.0,1.0799260502162666,0.9581298474843801,0.7963636363636364,0.5545454545454545,-0.06598304069282428,
249,trend_momentum,20,30,,10.0,,,,1.0756806659284017,1.0465665427931325,0.7947169811320756,0.47272727272727266,-0.0653141882739997,0.001
13,combo,10,100,14.0,10.0,60.0,40.0,3.0,1.073633369389545,0.9556158680414629,0.7963636363636364,0.4,-0.06454844879227319,
31,combo,10,100,21.0,10.0,60.0,40.0,3.0,1.073633369389545,0.9556158680414629,0.7963636363636364,0.4,-0.06454844879227319,
54,combo,20,100,14.0,10.0,55.0,45.0,3.0,1.073633369389545,0.9556158680414629,0.7963636363636364,0.4,-0.06454844879227319,
84,combo,10,100,21.0,10.0,55.0,40.0,3.0,1.073633369389545,0.9556158680414629,0.7963636363636364,0.4,-0.06454844879227319,
265,combo,20,100,21.0,10.0,60.0,40.0,3.0,1.073633369389545,0.9556158680414629,0.7963636363636364,0.4,-0.06454844879227319,
306,combo,10,100,14.0,10.0,60.0,45.0,3.0,1.073633369389545,0.9556158680414629,0.7963636363636364,0.4,-0.06454844879227319,
324,combo,20,100,7.0,10.0,55.0,40.0,3.0,1.073633369389545,0.9556158680414629,0.7963636363636364,0.4,-0.06454844879227319,
353,ma_rsi,20,50,14.0,,55.0,45.0,,1.0773596141137378,0.9562618686827515,0.7963636363636364,0.4690909090909091,-0.06427674952262583,0.001
142,ma_rsi,20,30,14.0,,60.0,40.0,,1.059283910888713,0.9476471277650738,0.7963636363636364,0.10727272727272727,-0.06426154365674146,0.003
199,ma_rsi,5,100,7.0,,55.0,40.0,,1.0755204811372974,0.9543932062937881,0.7963636363636364,0.42727272727272725,-0.06402497340815719,0.003
63,combo,5,100,21.0,10.0,55.0,40.0,3.0,1.0743529550967232,0.9556571029626888,0.7961968306922436,0.40181818181818185,-0.06383636934030763,
67,combo,20,100,7.0,5.0,55.0,45.0,3.0,1.073693188339878,0.957410115244946,0.7963636363636364,0.3709090909090909,-0.06303408438739481,
77,combo,10,100,7.0,5.0,60.0,45.0,3.0,1.073693188339878,0.957410115244946,0.7963636363636364,0.3709090909090909,-0.06303408438739481,
270,combo,10,100,21.0,5.0,60.0,40.0,3.0,1.073693188339878,0.957410115244946,0.7963636363636364,0.3709090909090909,-0.06303408438739481,
320,combo,20,100,7.0,5.0,60.0,45.0,3.0,1.073693188339878,0.957410115244946,0.7963636363636364,0.3709090909090909,-0.06303408438739481,
322,combo,10,100,7.0,5.0,55.0,45.0,3.0,1.073693188339878,0.957410115244946,0.7963636363636364,0.3709090909090909,-0.06303408438739481,
346,combo,20,100,14.0,5.0,55.0,40.0,3.0,1.073693188339878,0.957410115244946,0.7963636363636364,0.3709090909090909,-0.06303408438739481,
354,combo,10,100,7.0,5.0,60.0,40.0,3.0,1.073693188339878,0.957410115244946,0.7963636363636364,0.3709090909090909,-0.06303408438739481,
337,combo,10,30,14.0,5.0,60.0,45.0,2.0,1.0818914972652247,0.9617807156128835,0.7963636363636364,0.5290909090909091,-0.06274486637113894,
24,combo,5,100,21.0,5.0,60.0,40.0,3.0,1.074431190694541,0.9574450898501228,0.7961968306922436,0.37272727272727274,-0.06230358828794446,
41,combo,5,100,7.0,5.0,60.0,40.0,3.0,1.074431190694541,0.9574450898501228,0.7961968306922436,0.37272727272727274,-0.06230358828794446,
292,combo,5,100,14.0,5.0,55.0,40.0,3.0,1.074431190694541,0.9574450898501228,0.7961968306922436,0.37272727272727274,-0.06230358828794446,
299,combo,5,100,21.0,5.0,60.0,45.0,3.0,1.074431190694541,0.9574450898501228,0.7961968306922436,0.37272727272727274,-0.06230358828794446,
318,combo,5,100,7.0,5.0,55.0,40.0,3.0,1.074431190694541,0.9574450898501228,0.7961968306922436,0.37272727272727274,-0.06230358828794446,
323,combo,5,100,7.0,5.0,55.0,45.0,3.0,1.074431190694541,0.9574450898501228,0.7961968306922436,0.37272727272727274,-0.06230358828794446,
143,ma_rsi,5,50,21.0,,55.0,45.0,,1.0768181610993852,0.9899244603231477,0.7955555555555556,0.41818181818181815,-0.061868707587483474,0.003
283,combo,10,100,7.0,5.0,60.0,45.0,2.0,1.0856368865122723,0.9570988604513284,0.7963636363636364,0.5836363636363636,-0.061726749851364074,
284,combo,20,100,7.0,5.0,60.0,45.0,2.0,1.0856368865122723,0.9570988604513284,0.7963636363636364,0.5836363636363636,-0.061726749851364074,
17,combo,10,100,7.0,10.0,60.0,45.0,3.0,1.0769721026655925,0.9555207676934345,0.7963636363636364,0.4,-0.061209715516225685,
118,ma_rsi,5,50,21.0,,55.0,45.0,,1.0837524362463469,0.9595565365713882,0.7955555555555556,0.5363636363636364,-0.06084352334961273,0.001
214,trend_momentum,5,50,,5.0,,,,1.0810664175940425,1.0119513480275522,0.7947169811320756,0.48545454545454547,-0.060564800244722515,0.003
48,combo,5,50,14.0,20.0,60.0,40.0,2.0,1.0863426136323793,0.9600577828042897,0.7963636363636364,0.5672727272727272,-0.060202840913075276,
6,combo,10,100,14.0,20.0,55.0,45.0,3.0,1.0777721028668974,0.955239707267645,0.7963636363636364,0.3854545454545455,-0.05968244258764807,
20,combo,20,100,14.0,20.0,60.0,40.0,3.0,1.0777721028668974,0.955239707267645,0.7963636363636364,0.3854545454545455,-0.05968244258764807,
309,combo,20,100,21.0,20.0,60.0,45.0,3.0,1.0777721028668974,0.955239707267645,0.7963636363636364,0.3854545454545455,-0.05968244258764807,
317,combo,10,30,21.0,5.0,60.0,40.0,2.0,1.0847866970589348,0.9632473963724766,0.7963636363636364,0.5236363636363637,-0.05957693930470155,
303,combo,10,30,7.0,5.0,55.0,45.0,2.0,1.0841873255530219,0.9543775268873141,0.7963636363636364,0.6890909090909091,-0.05953994717425085,
83,combo,5,100,21.0,20.0,60.0,45.0,3.0,1.0785477625213908,0.9552919656807897,0.7961968306922436,0.3872727272727273,-0.05891428918836731,
262,combo,5,100,21.0,20.0,55.0,40.0,3.0,1.0785477625213908,0.9552919656807897,0.7961968306922436,0.3872727272727273,-0.05891428918836731,
264,combo,5,100,21.0,20.0,60.0,40.0,3.0,1.0785477625213908,0.9552919656807897,0.7961968306922436,0.3872727272727273,-0.05891428918836731,
289,combo,5,100,14.0,20.0,60.0,45.0,3.0,1.0785477625213908,0.9552919656807897,0.7961968306922436,0.3872727272727273,-0.05891428918836731,
293,combo,5,100,14.0,20.0,60.0,40.0,3.0,1.0785477625213908,0.9552919656807897,0.7961968306922436,0.3872727272727273,-0.05891428918836731,
192,ma_rsi,10,50,21.0,,55.0,40.0,,1.079432346846648,0.9956198367675392,0.7963636363636364,0.40181818181818174,-0.05884038042607927,0.003
74,combo,5,100,7.0,20.0,60.0,45.0,3.0,1.0786910738562143,0.9552827787964202,0.7961968306922436,0.3872727272727273,-0.05877097785354383,
10,combo,20,50,21.0,10.0,60.0,40.0,2.0,1.0872269669284518,0.9608449128501183,0.7963636363636364,0.5545454545454545,-0.05868212398063914,
165,ma_rsi,10,30,7.0,,60.0,45.0,,1.069173127192178,0.9796347220990227,0.7959633027522935,0.19272727272727272,-0.05844488782033236,0.003
178,ma_rsi,10,30,7.0,,60.0,40.0,,1.069173127192178,0.9796347220990227,0.7959633027522935,0.19272727272727272,-0.05844488782033236,0.003
44,combo,10,50,14.0,10.0,60.0,45.0,2.0,1.08871361187284,0.9614741448238497,0.7963636363636364,0.5781818181818181,-0.058377297218069106,
273,combo,5,30,21.0,20.0,60.0,45.0,2.0,1.0891336009189856,0.9618376209971972,0.7963636363636364,0.5854545454545456,-0.05832094453555988,
149,ma_rsi,5,50,14.0,,55.0,40.0,,1.0807944601930801,0.9862400068457203,0.7959633027522935,0.41818181818181815,-0.05809628209215756,0.003
206,ma_rsi,5,50,14.0,,55.0,45.0,,1.080840212512827,0.9862697471184534,0.7955555555555556,0.42000000000000004,-0.05793756526495088,0.003
259,trend_momentum,20,30,,5.0,,,,1.0811662286566839,1.0681728825215804,0.7951401869158878,0.42363636363636364,-0.05758568298307822,0.001
59,combo,20,30,7.0,10.0,55.0,40.0,2.0,1.0861515622614388,0.9554293748922192,0.7963636363636364,0.6890909090909091,-0.05757571046583391,
11,combo,20,30,21.0,20.0,60.0,40.0,2.0,1.0893628688752293,0.960726884405432,0.7963636363636364,0.5727272727272726,-0.057455312942952565,
205,ma_rsi,10,50,21.0,,55.0,45.0,,1.0861703849704487,0.9588446100673202,0.7959633027522935,0.5127272727272727,-0.0574476300420617,0.001
52,combo,20,30,7.0,10.0,60.0,45.0,2.0,1.090590923765192,0.959290654249673,0.7963636363636364,0.6145454545454545,-0.0568636216893534,
286,combo,5,100,7.0,10.0,60.0,40.0,2.0,1.091343448228143,0.9575290423668255,0.7963636363636364,0.5763636363636364,-0.055656551771857014,
90,combo,10,50,14.0,20.0,60.0,45.0,3.0,1.0830429734657625,0.9853463988839566,0.7963636363636364,0.40909090909090906,-0.055593390170601144,
314,combo,10,50,14.0,20.0,60.0,40.0,3.0,1.0830429734657625,0.9853463988839566,0.7963636363636364,0.40909090909090906,-0.055593390170601144,
359,combo,10,50,14.0,20.0,55.0,45.0,3.0,1.0830429734657625,0.9853463988839566,0.7963636363636364,0.40909090909090906,-0.055593390170601144,
49,combo,10,50,7.0,20.0,60.0,45.0,2.0,1.0922104531065708,0.9583974828252823,0.7963636363636364,0.5872727272727272,-0.055335001438883716,
280,combo,20,50,21.0,10.0,60.0,45.0,2.0,1.0917400050833446,0.9774059153490229,0.7963636363636364,0.5618181818181819,-0.054532722189382724,
15,combo,10,50,7.0,10.0,55.0,40.0,3.0,1.0849970059610243,0.9846556721456785,0.7963636363636364,0.42181818181818176,-0.054275721311702954,
278,combo,10,50,21.0,10.0,60.0,40.0,3.0,1.0849970059610243,0.9846556721456785,0.7963636363636364,0.42181818181818176,-0.054275721311702954,
333,combo,10,50,14.0,10.0,55.0,40.0,3.0,1.0849970059610243,0.9846556721456785,0.7963636363636364,0.42181818181818176,-0.054275721311702954,
4,combo,10,50,7.0,5.0,55.0,40.0,3.0,1.0833695718547545,0.984578198292301,0.7963636363636364,0.3872727272727273,-0.054175882690700096,
16,combo,10,50,7.0,5.0,60.0,45.0,3.0,1.0833695718547545,0.984578198292301,0.7963636363636364,0.3872727272727273,-0.054175882690700096,
152,ma_rsi,10,50,7.0,,55.0,45.0,,1.083880244581173,1.004679492057886,0.7959633027522935,0.39636363636363636,-0.053919588613155545,0.003
140,ma_rsi,10,100,21.0,,55.0,45.0,,1.0869430008774947,0.9561797627205854,0.7963636363636364,0.44545454545454544,-0.05351154457705073,0.003
57,combo,20,30,14.0,20.0,60.0,40.0,2.0,1.0928621763805322,0.9611138118806769,0.7963636363636364,0.5636363636363637,-0.053501459983104196,
22,combo,20,50,14.0,5.0,60.0,40.0,2.0,1.0903853438154758,0.9817253781945162,0.7963636363636364,0.5109090909090909,-0.05334192891179693,
128,ma_rsi,20,30,7.0,,55.0,40.0,,1.075674042794573,0.9494801059382358,0.7963636363636364,0.21454545454545454,-0.0532350481145179,0.003
64,combo,5,30,7.0,20.0,60.0,40.0,2.0,1.0937801707233794,0.9598501829046522,0.7963636363636364,0.5763636363636364,-0.053219829276620605,
163,ma_rsi,10,100,14.0,,60.0,40.0,,1.0772738717239705,0.96028674798708,0.7963636363636364,0.24545454545454545,-0.05318067373057497,0.003
231,trend_momentum,10,50,,5.0,,,,1.0883400364252744,1.0299019951045352,0.7951401869158878,0.47272727272727266,-0.05286642066903312,0.003
311,combo,10,30,21.0,5.0,55.0,45.0,2.0,1.0923223107508382,0.9572271274012926,0.7963636363636364,0.6618181818181819,-0.05276859834007091,
134,ma_rsi,5,50,7.0,,55.0,40.0,,1.0856768961554728,1.0019417369146515,0.7955555555555556,0.41090909090909095,-0.05264633616775953,0.003
194,ma_rsi,20,100,14.0,,55.0,40.0,,1.087035987588926,0.9508051457859477,0.7963636363636364,0.4290909090909091,-0.052600376047437704,0.003
325,combo,5,30,21.0,5.0,55.0,45.0,2.0,1.0920861156060497,0.9574682167362132,0.7963636363636364,0.6745454545454546,-0.052368429848495726,
350,combo,5,30,14.0,10.0,55.0,40.0,2.0,1.0903796104065593,0.9570092088735271,0.7963636363636364,0.709090909090909,-0.05234766232071346,
85,combo,10,50,7.0,5.0,55.0,45.0,2.0,1.091896548475911,0.9544594248325263,0.7963636363636364,0.6927272727272727,-0.05164890606954344,
307,combo,10,30,14.0,5.0,55.0,40.0,2.0,1.0937891802232076,0.9555718132718918,0.7963636363636364,0.6581818181818181,-0.0514835470495197,
240,trend_momentum,10,30,,10.0,,,,1.0860963475368774,0.9770159515101803,0.7942857142857143,0.40545454545454546,-0.05131923687870696,0.003
75,combo,20,50,7.0,5.0,55.0,40.0,2.0,1.094673974793174,0.9547296089191274,0.7963636363636364,0.6454545454545454,-0.051235116115916954,
151,ma_rsi,20,30,14.0,,55.0,40.0,,1.085954617238145,1.0290841050372175,0.7963636363636364,0.37636363636363634,-0.05104538276185511,0.001
356,combo,5,50,7.0,5.0,55.0,40.0,2.0,1.0942386696133313,0.9548483826702617,0.7963636363636364,0.66,-0.05094314856848692,
133,ma_rsi,20,30,14.0,,55.0,45.0,,1.0859998585054067,1.029131153712373,0.7959633027522935,0.3781818181818182,-0.05089088377983098,0.001
297,combo,20,30,7.0,20.0,60.0,40.0,2.0,1.095901047213293,0.9585531133788321,0.7963636363636364,0.5709090909090909,-0.050826225513979674,
78,combo,10,50,7.0,5.0,55.0,40.0,2.0,1.094602491651764,0.9548706014333019,0.7963636363636364,0.6581818181818182,-0.05067023562096324,
252,trend_momentum,20,50,,5.0,,,,1.0938162125573563,0.9630277179732565,0.7963636363636364,0.5218181818181818,-0.050456514715371006,0.001
144,ma_rsi,5,50,21.0,,60.0,45.0,,1.08236514704674,0.9674242303894941,0.7955555555555556,0.3,-0.05041263073103787,0.001
50,combo,20,50,14.0,20.0,60.0,45.0,2.0,1.0960255432543993,0.9599328202092428,0.7963636363636364,0.5563636363636364,-0.04997445674560074,
102,ma,10,30,,,,,,1.0881703437760162,0.9529163429073964,0.7961904761904762,0.39454545454545453,-0.04965216704649466,0.005
330,combo,20,30,14.0,10.0,55.0,45.0,2.0,1.0938528865175134,0.9569699257706792,0.7963636363636364,0.7,-0.04932893166430475,
18,combo,5,50,21.0,5.0,55.0,45.0,3.0,1.0887474906856789,0.9836847350200106,0.7963636363636364,0.39454545454545453,-0.04916160022341203,
357,combo,5,50,14.0,5.0,55.0,40.0,3.0,1.0887474906856789,0.9836847350200106,0.7963636363636364,0.39454545454545453,-0.04916160022341203,
196,ma_rsi,20,100,7.0,,60.0,40.0,,1.0897673167073436,0.9579215959003536,0.7963636363636364,0.41454545454545455,-0.049141774201747306,0.001
201,ma_rsi,20,100,7.0,,60.0,45.0,,1.0897673167073436,0.9579215959003536,0.7963636363636364,0.41454545454545455,-0.049141774201747306,0.001
123,ma_rsi,20,30,21.0,,55.0,40.0,,1.088652467216559,1.0322630708592524,0.7963636363636364,0.37636363636363634,-0.04834753278344106,0.001
159,ma_rsi,20,30,21.0,,55.0,45.0,,1.0886998788725504,1.032271261338359,0.7959633027522935,0.3781818181818182,-0.04819086341268731,0.001
321,combo,20,50,21.0,20.0,60.0,45.0,2.0,1.098310099646718,0.9774188944845894,0.7963636363636364,0.56,-0.04787171853510009,
310,combo,5,30,7.0,20.0,55.0,40.0,2.0,1.096815266876654,0.9549830041647339,0.7963636363636364,0.6836363636363636,-0.04718473312334603,
298,combo,5,30,7.0,20.0,55.0,45.0,2.0,1.0963515998566158,0.9548995503353546,0.7963636363636364,0.6963636363636363,-0.047012036507020585,
79,combo,20,50,14.0,10.0,55.0,45.0,2.0,1.0977319685816713,0.9568357928694914,0.7963636363636364,0.6909090909090908,-0.04590439505469233,
25,combo,5,50,14.0,20.0,60.0,45.0,2.0,1.1014525574644403,0.9599328202092428,0.7963636363636364,0.5745454545454545,-0.04545653344465066,
274,combo,20,50,21.0,20.0,60.0,40.0,2.0,1.1003802664176965,0.9594652355468251,0.7963636363636364,0.5527272727272727,-0.04543791540048535,
347,combo,20,100,7.0,20.0,60.0,40.0,2.0,1.1007508939803707,0.9570932312288756,0.7963636363636364,0.5545454545454546,-0.04515819692872018,
66,combo,20,30,21.0,5.0,55.0,40.0,2.0,1.1003575249337156,0.9792190668648634,0.7963636363636364,0.6545454545454547,-0.045097020520829825,
61,combo,20,50,14.0,5.0,55.0,45.0,2.0,1.1001221544576694,0.9555006977656801,0.7963636363636364,0.6599999999999999,-0.04505966372414883,
147,ma_rsi,10,50,14.0,,55.0,40.0,,1.099010833614577,0.9545544303539258,0.7963636363636364,0.5,-0.04417098456724123,0.001
183,ma_rsi,10,30,14.0,,55.0,40.0,,1.090021937586036,1.0274835706275869,0.7963636363636364,0.3181818181818182,-0.04406897150487305,0.003
182,ma_rsi,10,50,14.0,,55.0,45.0,,1.09907491896321,0.9546386479942345,0.7959633027522935,0.5018181818181817,-0.04399764150384578,0.001
164,ma_rsi,10,30,14.0,,60.0,45.0,,1.0820432296953864,1.0023606770126405,0.7959633027522935,0.15636363636363637,-0.04375660349894224,0.003
145,ma_rsi,5,50,14.0,,55.0,40.0,,1.1006702936721513,0.954779275689377,0.7959633027522935,0.5236363636363637,-0.043493175885813654,0.001
34,combo,10,100,7.0,20.0,60.0,45.0,2.0,1.1036518658717425,0.956928305083975,0.7963636363636364,0.5709090909090909,-0.043075406855530275,
290,combo,20,50,7.0,20.0,55.0,40.0,2.0,1.1021800073662051,0.9543311411377752,0.7963636363636364,0.6654545454545455,-0.04272908354288578,
138,ma_rsi,5,100,7.0,,60.0,40.0,,1.098123693058365,0.9583963134801446,0.7963636363636364,0.42363636363636364,-0.041239943305271275,0.001
146,ma_rsi,5,100,7.0,,60.0,45.0,,1.098123693058365,0.9583963134801446,0.7963636363636364,0.42363636363636364,-0.041239943305271275,0.001
217,trend_momentum,10,30,,5.0,,,,1.0943492681486502,0.9473093859109483,0.7951401869158878,0.3581818181818182,-0.04112991621838464,0.003
189,ma_rsi,10,50,7.0,,60.0,40.0,,1.0945896834649969,0.9587621341520272,0.7959633027522935,0.3363636363636364,-0.04021014972933174,0.001
169,ma_rsi,20,30,7.0,,60.0,45.0,,1.090176815041561,0.9657750410181307,0.7959633027522935,0.2418181818181818,-0.03989574542549492,0.001
127,ma_rsi,5,100,14.0,,60.0,45.0,,1.0912879239272633,0.9600051027078034,0.7963636363636364,0.25636363636363635,-0.039712076072736746,0.003
351,combo,20,50,21.0,10.0,55.0,40.0,2.0,1.1043057468103923,0.9565611509643394,0.7963636363636364,0.6854545454545453,-0.03960334409869864,
291,ma_rsi,10,50,21.0,,60.0,40.0,,1.0926775298351972,0.9661642852518361,0.7963636363636364,0.27999999999999997,-0.03950428834662102,0.001
124,ma_rsi,20,50,21.0,,60.0,45.0,,1.0912270377733064,0.9682440305649014,0.7963636363636364,0.24909090909090909,-0.03940932586305722,0.001
207,ma_rsi,10,50,21.0,,60.0,45.0,,1.0927687334906124,0.9661912036019952,0.7959633027522935,0.2818181818181818,-0.039303826976443426,0.001
319,combo,20,50,7.0,20.0,55.0,45.0,2.0,1.104861445720476,0.9540269967422536,0.7963636363636364,0.6818181818181819,-0.03922946337043314,
46,combo,20,100,14.0,10.0,60.0,45.0,2.0,1.1076997021601818,0.9581080330563676,0.7963636363636364,0.5636363636363637,-0.03866393420345461,
120,ma_rsi,10,50,14.0,,60.0,40.0,,1.095646918258769,0.9625277092893569,0.7963636363636364,0.30727272727272725,-0.03789853628668564,0.001
282,ma_rsi,10,100,14.0,,55.0,45.0,,1.102050912963616,0.9518926440686836,0.7963636363636364,0.43454545454545457,-0.037858177945474907,0.003
148,ma_rsi,10,50,14.0,,60.0,45.0,,1.0956957086250096,0.9625571448381561,0.7959633027522935,0.3090909090909091,-0.037740488205682585,0.001
160,ma_rsi,10,30,21.0,,55.0,45.0,,1.096758087149455,1.0567708476589852,0.7959633027522935,0.31999999999999995,-0.037223564226691666,0.003
277,combo,10,100,21.0,5.0,60.0,40.0,2.0,1.1067840082291198,0.9577816453456552,0.7963636363636364,0.5127272727272728,-0.03703417358906201,
139,ma_rsi,5,100,7.0,,55.0,45.0,,1.1108952565232768,0.9510935355617923,0.7963636363636364,0.5890909090909091,-0.03674110711308684,0.001
150,ma_rsi,10,100,7.0,,55.0,45.0,,1.110805390204207,0.9509123335716732,0.7963636363636364,0.5854545454545454,-0.036649155250338475,0.001
42,combo,5,100,14.0,5.0,60.0,40.0,2.0,1.1075935005705653,0.9674623605270168,0.7963636363636364,0.5109090909090909,-0.03613377215670747,
272,combo,20,100,14.0,5.0,60.0,40.0,2.0,1.1075935005705653,0.9674623605270168,0.7963636363636364,0.5109090909090909,-0.03613377215670747,
301,combo,10,100,14.0,5.0,55.0,45.0,2.0,1.110121145150575,0.9514433399131402,0.7963636363636364,0.6599999999999999,-0.03506067303124317,
340,combo,20,100,14.0,5.0,55.0,45.0,2.0,1.110121145150575,0.9514433399131402,0.7963636363636364,0.6599999999999999,-0.03506067303124317,
175,ma_rsi,10,100,21.0,,60.0,40.0,,1.094049235798451,0.9640062316030302,0.7963636363636364,0.21454545454545454,-0.03485985511063988,0.003
197,ma_rsi,10,100,21.0,,60.0,45.0,,1.094049235798451,0.9640062316030302,0.7963636363636364,0.21454545454545454,-0.03485985511063988,0.003
129,ma_rsi,20,100,7.0,,55.0,45.0,,1.1126507003498074,0.9510536144878525,0.7963636363636364,0.5781818181818182,-0.03444020874110171,0.001
177,ma_rsi,20,100,7.0,,55.0,40.0,,1.1126507003498074,0.9510536144878525,0.7963636363636364,0.5781818181818182,-0.03444020874110171,0.001
344,combo,10,50,7.0,20.0,55.0,40.0,2.0,1.1096946991192849,0.9539096786001063,0.7963636363636364,0.6818181818181819,-0.03439620997162423,
53,combo,10,50,7.0,20.0,55.0,45.0,2.0,1.1091426455184734,0.9537816238230358,0.7963636363636364,0.6963636363636363,-0.03422099084516296,
308,combo,10,100,14.0,20.0,60.0,45.0,2.0,1.1118186700489188,0.9547601285452723,0.7963636363636364,0.5563636363636364,-0.034181329951081245,
27,combo,5,100,21.0,5.0,60.0,45.0,2.0,1.110347245323409,0.9667338006322439,0.7963636363636364,0.5199999999999999,-0.033834572858409295,
82,combo,20,100,14.0,10.0,60.0,40.0,2.0,1.1127167695255002,0.9677399773180615,0.7963636363636364,0.5509090909090909,-0.03301050320177249,
40,combo,5,50,21.0,5.0,60.0,40.0,2.0,1.1119631961257477,0.9763476194937858,0.7963636363636364,0.5327272727272727,-0.032854985692434155,
225,trend_momentum,20,100,,5.0,,,,1.1121765097520269,0.9516163884734842,0.7963636363636364,0.6690909090909091,-0.032550762975245874,0.001
174,ma_rsi,5,30,21.0,,60.0,40.0,,1.0939586638552536,1.0258526348258046,0.7963636363636364,0.15454545454545454,-0.03195042705383727,0.003
14,combo,10,100,7.0,5.0,55.0,40.0,2.0,1.1140317827918327,0.951528460594402,0.7963636363636364,0.6454545454545454,-0.03187730811725824,
213,trend_momentum,10,100,,5.0,,,,1.1125076849645523,0.9509105303485053,0.7963636363636364,0.6763636363636364,-0.03185595139908405,0.001
335,combo,5,100,7.0,10.0,55.0,40.0,2.0,1.1129235863455171,0.9538972221270802,0.7963636363636364,0.6727272727272726,-0.031621868199937425,
285,ma_rsi,20,50,7.0,,55.0,40.0,,1.1089977353495144,0.9709820079838317,0.7963636363636364,0.4454545454545455,-0.03145681010503107,0.001
267,combo,20,100,21.0,20.0,60.0,40.0,2.0,1.1144302907537205,0.9511395973695445,0.7963636363636364,0.5527272727272727,-0.03138789106446137,
2,combo,20,100,21.0,5.0,55.0,40.0,2.0,1.1144468152538363,0.9504291201898116,0.7963636363636364,0.6472727272727272,-0.03137136656434557,
28,combo,20,30,21.0,20.0,55.0,40.0,2.0,1.1103738511321675,0.9524021831717482,0.7963636363636364,0.7309090909090908,-0.031262512504196184,
104,ma,5,30,,,,,,1.108435582610363,0.961532500054569,0.7963636363636364,0.42727272727272736,-0.03110987193509166,0.005
36,combo,20,100,7.0,5.0,55.0,45.0,2.0,1.113345546286427,0.9515573963616241,0.7963636363636364,0.6781818181818182,-0.03092718098630027,
38,combo,5,100,7.0,5.0,55.0,45.0,2.0,1.113345546286427,0.9515573963616241,0.7963636363636364,0.6781818181818182,-0.03092718098630027,
195,ma_rsi,5,100,14.0,,55.0,40.0,,1.1096886685669767,0.9535378063083465,0.7963636363636364,0.4454545454545455,-0.03076587688756879,0.003
339,combo,10,100,21.0,10.0,60.0,45.0,2.0,1.11571963241489,0.9662468441472502,0.7963636363636364,0.5618181818181819,-0.03055309485783737,
229,trend_momentum,5,100,,10.0,,,,1.1110356472962843,0.9507290265053667,0.7963636363636364,0.74,-0.030146170885533848,0.001
242,trend_momentum,10,100,,10.0,,,,1.1115767055680275,0.9504052878855032,0.7963636363636364,0.7363636363636363,-0.02978693079560892,0.001
276,combo,10,100,7.0,20.0,55.0,40.0,2.0,1.1151702002677877,0.9509850959167653,0.7963636363636364,0.6654545454545455,-0.029738890641303233,
89,combo,20,50,21.0,20.0,55.0,40.0,2.0,1.1129467073499146,0.9503997034695876,0.7963636363636364,0.7109090909090909,-0.029689656286449012,
211,trend_momentum,20,100,,10.0,,,,1.1120916331520165,0.9510185185286212,0.7963636363636364,0.7290909090909091,-0.029635639575256202,0.001
251,trend_momentum,5,100,,5.0,,,,1.1147784880207727,0.9508197102475775,0.7963636363636364,0.6799999999999999,-0.029403330161045467,0.001
336,combo,10,50,21.0,10.0,60.0,45.0,2.0,1.1179418827305632,0.9717600197539208,0.7963636363636364,0.5800000000000001,-0.029239935451255035,
288,ma_rsi,20,100,14.0,,60.0,40.0,,1.1083762112921183,0.9543567647063401,0.7963636363636364,0.38,-0.02880560688969992,0.001
12,combo,20,50,14.0,20.0,55.0,45.0,2.0,1.1143013167032731,0.9516079543938266,0.7963636363636364,0.7036363636363636,-0.02869868329672686,
1,combo,10,30,14.0,20.0,55.0,45.0,2.0,1.1135011041874292,0.9545147989633561,0.7963636363636364,0.72,-0.02868071399438899,
331,combo,5,100,21.0,10.0,55.0,40.0,2.0,1.1158553533217748,0.9511331379090013,0.7963636363636364,0.6854545454545453,-0.028053737587316156,
35,combo,10,100,7.0,10.0,55.0,45.0,2.0,1.1150511503964307,0.9539473652004655,0.7963636363636364,0.7018181818181819,-0.028039758694478438,
68,combo,20,100,7.0,10.0,55.0,45.0,2.0,1.1150511503964307,0.9539473652004655,0.7963636363636364,0.7018181818181819,-0.028039758694478438,
187,ma_rsi,20,30,14.0,,60.0,40.0,,1.1002505991158267,0.9592401835466599,0.7963636363636364,0.2,-0.027931219065991515,0.001
161,ma_rsi,20,30,14.0,,60.0,45.0,,1.100318461126265,0.9594099791435615,0.7959633027522935,0.2018181818181818,-0.027754099340790782,0.001
342,combo,10,100,21.0,20.0,60.0,45.0,2.0,1.1198128957598743,0.9667810541398847,0.7963636363636364,0.56,-0.026368922421943893,
76,combo,20,30,14.0,20.0,55.0,45.0,2.0,1.1159089807963887,0.953373049312733,0.7963636363636364,0.7181818181818181,-0.02636374647633861,
334,combo,20,100,21.0,5.0,55.0,45.0,2.0,1.1191756208632095,0.9658423041296818,0.7963636363636364,0.6545454545454545,-0.026278924591335923,
287,ma_rsi,5,100,21.0,,60.0,45.0,,1.1031906142194472,0.9627359897820695,0.7963636363636364,0.22545454545454544,-0.026263931235098268,0.003
62,combo,5,50,14.0,20.0,55.0,45.0,2.0,1.116295755621532,0.9513587694450086,0.7963636363636364,0.7218181818181818,-0.025795153469377052,
198,ma_rsi,20,100,21.0,,60.0,40.0,,1.1108524123302523,0.9510523937284604,0.7963636363636364,0.3654545454545454,-0.025602133124293127,0.001
181,ma_rsi,10,100,14.0,,60.0,40.0,,1.1120065379771027,0.9531400369420018,0.7963636363636364,0.38727272727272727,-0.02553891656835186,0.001
119,ma_rsi,5,100,14.0,,60.0,45.0,,1.1125837710453055,0.9531400369420018,0.7963636363636364,0.38909090909090904,-0.025052592591058166,0.001
326,ma_rsi,10,100,21.0,,60.0,45.0,,1.111868773697018,0.9499262717078358,0.7963636363636364,0.37272727272727274,-0.024949408121163745,0.001
157,ma_rsi,5,100,21.0,,60.0,40.0,,1.112227071576609,0.9499262717078358,0.7963636363636364,0.37454545454545457,-0.024682019332481982,0.001
352,combo,10,30,21.0,20.0,55.0,40.0,2.0,1.1171901457886801,0.9524232199773556,0.7963636363636364,0.7345454545454545,-0.02426439966586532,
266,combo,10,100,21.0,20.0,55.0,40.0,2.0,1.1184752861147267,0.9478989722233736,0.7963636363636364,0.7109090909090909,-0.02416107752163696,
158,ma_rsi,5,50,21.0,,60.0,45.0,,1.1040541040934324,0.9769981532753386,0.7955555555555556,0.20363636363636367,-0.02390549186616356,0.003
137,ma_rsi,10,100,14.0,,55.0,45.0,,1.1244222604745038,0.9485740580258974,0.7963636363636364,0.6309090909090909,-0.02221410316185987,0.001
200,ma_rsi,5,30,21.0,,55.0,45.0,,1.1191959584430045,0.9561609778086734,0.7963636363636364,0.4636363636363637,-0.02216767792063192,0.001
179,ma_rsi,20,100,14.0,,55.0,45.0,,1.1256271911338271,0.9490117657412965,0.7963636363636364,0.6236363636363637,-0.021372808866172866,0.001
202,ma_rsi,5,30,14.0,,55.0,45.0,,1.120286352821366,0.9585856230287033,0.7963636363636364,0.46909090909090906,-0.02135001081499763,0.001
193,ma_rsi,5,30,14.0,,55.0,40.0,,1.1203425807321858,0.9586508942436166,0.7963636363636364,0.4636363636363637,-0.021021055631450535,0.001
170,ma_rsi,5,100,14.0,,55.0,45.0,,1.1267049700258709,0.947812574441336,0.7963636363636364,0.6345454545454545,-0.019749575428674577,0.001
33,combo,10,50,14.0,10.0,55.0,40.0,2.0,1.1237653005408386,0.9737042937041581,0.7963636363636364,0.698181818181818,-0.019507426731888728,
3,combo,10,100,14.0,20.0,55.0,40.0,2.0,1.1242014285613222,0.9602731615634871,0.7963636363636364,0.6909090909090909,-0.019434935075041432,
29,combo,20,100,14.0,20.0,55.0,40.0,2.0,1.1242014285613222,0.9602731615634871,0.7963636363636364,0.6909090909090909,-0.019434935075041432,
184,ma_rsi,10,50,7.0,,60.0,40.0,,1.1121668264236138,0.9708060836373348,0.7959633027522935,0.26545454545454544,-0.019087552225260294,0.003
136,ma_rsi,20,30,21.0,,60.0,45.0,,1.1080093015629096,0.994539432173043,0.7959633027522935,0.1690909090909091,-0.01842689526778267,0.001
167,ma_rsi,5,30,21.0,,55.0,40.0,,1.124326281579504,0.956173491477076,0.7963636363636364,0.4581818181818182,-0.01676462751140501,0.001
244,trend_momentum,20,100,,20.0,,,,1.122421544914792,0.9529265884713433,0.7963636363636364,0.7927272727272727,-0.016123909630662486,0.001
341,ma_rsi,20,50,14.0,,60.0,45.0,,1.1174035692207154,0.963486854755748,0.7963636363636364,0.27999999999999997,-0.014778248961102816,0.001
186,ma_rsi,10,30,14.0,,55.0,45.0,,1.1261012052826913,0.9850773080449877,0.7955555555555556,0.4454545454545455,-0.013949299767813752,0.001
26,combo,10,50,21.0,5.0,55.0,40.0,2.0,1.1343173160579678,0.9768513133110627,0.7963636363636364,0.6618181818181819,-0.010773593032941281,
37,combo,10,50,21.0,20.0,55.0,40.0,2.0,1.1308088330154935,0.9752272792508367,0.7963636363636364,0.7327272727272727,-0.010736621529961049,
72,combo,5,50,21.0,5.0,55.0,40.0,2.0,1.1342387085033732,0.9756585648001922,0.7963636363636364,0.6672727272727274,-0.010579473314808662,
110,ma,10,30,,,,,,1.1341057703377477,1.1594343670245975,0.7963636363636364,0.6818181818181819,-0.009985138753161364,0.001
239,trend_momentum,5,30,,5.0,,,,1.136642705944704,1.0050607437089694,0.7963636363636364,0.5345454545454544,-0.008266384964386957,0.001
176,ma_rsi,10,50,14.0,,60.0,40.0,,1.121416853166588,0.9659756574334248,0.7963636363636364,0.22000000000000003,-0.00776496501523018,0.003
302,combo,10,50,21.0,5.0,55.0,45.0,2.0,1.1393748655711036,0.97292936930845,0.7963636363636364,0.6672727272727272,-0.005443316247078261,
156,ma_rsi,10,100,21.0,,55.0,45.0,,1.1420602518376142,0.9416228694365574,0.7963636363636364,0.6599999999999999,-0.003121566344204024,0.001
126,ma_rsi,5,30,7.0,,55.0,45.0,,1.138171231770611,0.9629539587063245,0.7963636363636364,0.4581818181818182,-0.0029196773202981334,0.001
172,ma_rsi,10,30,7.0,,55.0,40.0,,1.1380146272499545,0.9969171914267327,0.7955555555555556,0.4290909090909091,-0.001217695982368738,0.001
220,trend_momentum,10,30,,20.0,,,,1.147570691651379,1.1440641987008529,0.7963636363636364,0.610909090909091,-6.567198498460549e-05,0.001
185,ma_rsi,5,100,21.0,,55.0,45.0,,1.1464912610574833,0.9407790499124565,0.7963636363636364,0.6636363636363636,0.001491261057483323,0.001
269,ma_rsi,5,100,21.0,,55.0,40.0,,1.1464912610574833,0.9407790499124565,0.7963636363636364,0.6636363636363636,0.001491261057483323,0.001
168,ma_rsi,20,50,7.0,,60.0,40.0,,1.1356609890812195,0.9712437994153503,0.7963636363636364,0.3109090909090909,0.0019337163539467472,0.001
101,ma,5,30,,,,,,1.1463847423492788,0.9773564610327097,0.7963636363636364,0.7,0.0032029241674605916,0.001
250,trend_momentum,5,30,,20.0,,,,1.1495904121108924,0.9895586501188685,0.7963636363636364,0.6363636363636364,0.0032267757472560386,0.001
247,trend_momentum,5,100,,20.0,,,,1.1433498044048112,0.9545922193688403,0.7963636363636364,0.8036363636363637,0.0053498044048111495,0.001
228,trend_momentum,10,100,,20.0,,,,1.1441346638052887,0.9543858142633799,0.7963636363636364,0.8,0.005952845623470532,0.001
246,trend_momentum,10,30,,5.0,,,,1.1507394066639054,1.1160618041593842,0.7963636363636364,0.510909090909091,0.007012133936632653,0.001
257,trend_momentum,5,30,,10.0,,,,1.1554009797500253,1.0052718266794367,0.7963636363636364,0.6,0.007219161568207122,0.001
248,trend_momentum,10,30,,10.0,,,,1.1583437741978906,1.1330762957095861,0.7963636363636364,0.5727272727272726,0.01152559237970876,0.001
355,ma_rsi,10,30,7.0,,60.0,45.0,,1.1453342760113983,0.9665560385395557,0.7963636363636364,0.3018181818181819,0.01206154873867097,0.001
358,ma_rsi,10,30,7.0,,60.0,40.0,,1.147468920399146,0.9751200883014716,0.7955555555555556,0.30000000000000004,0.014691142621368154,0.001
131,ma_rsi,5,30,7.0,,60.0,45.0,,1.151749731107835,0.9664352165820216,0.7963636363636364,0.32727272727272727,0.017204276562380515,0.001
121,ma_rsi,5,30,7.0,,60.0,40.0,,1.1523902078127555,0.9707707878838291,0.7963636363636364,0.3236363636363636,0.0180265714491191,0.001
279,ma_rsi,10,30,21.0,,60.0,40.0,,1.1600428664001665,0.9764298119373881,0.7963636363636364,0.22181818181818183,0.030770139127439235,0.001
92,ma,20,100,,,,,,2.8862333451493694,0.9663968395807823,0.7963636363636364,0.9218181818181819,0.8679090909090909,0.001
114,ma,10,100,,,,,,2.7524238435238955,0.9852525411928194,0.7963636363636364,0.9290909090909091,0.8682727272727273,0.001
100,ma,5,100,,,,,,2.715386686048176,0.9852687475882949,0.7963636363636364,0.9327272727272728,0.8684545454545455,0.001
