horizon,feature,gain_importance_dev_model,gain_importance_final_model,perm_importance_mae_cdf,perm_importance_std,perm_rank
5,trend_30,0.11116646854022051,0.07947344903589376,-0.14632630704141789,0.06434040941284283,30
5,variation_10,0.06648536779887074,0.02684673821007766,-0.09046059540274669,0.015533722170620573,28
5,lag_20_rel,0.05277521949013141,0.019708999734793772,-0.057092289203148995,0.02279662772369894,23
5,rolling_std_20,0.045738975098455724,0.05410507530671929,0.06492386472327852,0.02134808758684038,3
5,rolling_std_30,0.04531484036441035,0.06755589962410212,0.04610313311171339,0.025061963804541676,4
5,rolling_mean_30_rel,0.04497714531958399,0.04822564318625148,-0.08260835491128163,0.09111983452820151,27
5,variation_20,0.04145987234310093,0.022970930399031003,-0.03981025691857454,0.009839788012038199,20
5,rolling_mean_3_rel,0.039930410216635404,0.03756759406334444,-0.10648676708353974,0.09855158789837033,29
5,rolling_mean_20_rel,0.0380480961576496,0.042608004171948266,-0.0653138582442537,0.027582829304071074,26
5,trend_10,0.03691150768436073,0.03102099791086313,-0.18276582407134256,0.03407748290864902,31
5,trend_20,0.03323298627902221,0.05584712790172366,-0.031624053647288264,0.006883112245770761,18
5,quarter,0.03200329858479595,0.024969784243410148,0.0007741748471609356,0.003418280624768334,5
5,lag_14_rel,0.03071784118424904,0.028423068539385022,-0.05867355769921616,0.013739512780530694,24
5,variation_3,0.02800808289046856,0.024495223125139767,-0.006875523130420192,0.012116715028557606,11
5,rolling_std_5,0.027504299640828612,0.04471587763842561,0.13491862927886444,0.05587964039859446,1
5,month,0.026606225651611463,0.02485389620589787,-0.06337108445268314,0.01171309375209746,25
5,lag_2_rel,0.02643071085383837,0.0336973131391448,0.12214439577677254,0.12984070983263982,2
5,lag_1_rel,0.026012567117125695,0.03295147860379484,-0.0471410749905921,0.027183188303570395,22
5,rolling_std_10,0.02456815598683093,0.0389885969966375,-0.011073140475794219,0.035348231544174276,13
5,lag_10_rel,0.023242496180658538,0.022732285908592366,-0.015805566365907,0.007379012892847972,14
5,lag_7_rel,0.022982116234111474,0.020884191937620998,-0.007591900170428545,0.007902589517159652,12
5,variation_1,0.022878632789878332,0.02565670485329929,-0.026227230341395114,0.013725167299119365,17
5,rolling_mean_10_rel,0.021998955111729744,0.027734339896888796,-0.04448464606474545,0.027120097869301717,21
5,lag_3_rel,0.021288934166534535,0.023243893245995625,-0.01900007450370609,0.009643817524695085,15
5,rolling_mean_5_rel,0.021110530990469636,0.022590526663979323,-0.0033056234484242,0.029723945187596645,9
5,lag_30_rel,0.02080746421997192,0.030786973655351917,-0.035911614155872226,0.01669174765598263,19
5,trend_5,0.020035709673868727,0.025684420991631773,-0.019576963648601974,0.012170663520047207,16
5,variation_5,0.01822222239143513,0.02080535802608973,-0.004211763321305284,0.009910221293309733,10
5,lag_5_rel,0.018128150052878423,0.022451985506557602,0.00011710385784269306,0.02394988707058617,6
5,day_of_week,0.011412716986273318,0.012144507580685379,-7.8178436074694e-05,0.0010017152757107986,8
5,days_since_previous_observation,0.0,0.006259113696723078,0.0,0.0,7
10,rolling_mean_20_rel,0.0803247479314491,0.062304558828648195,0.1452363853793571,0.11030342880727334,5
10,trend_30,0.0737139900770921,0.07894818046431332,-0.5488432336360674,0.1243318868144682,30
10,lag_20_rel,0.07264489978225418,0.033984028885423324,-0.20088443771640457,0.042332364181393335,28
10,trend_20,0.06349464482144646,0.05259965312282742,-0.5674639179808174,0.028200630852890894,31
10,rolling_std_20,0.059554386133491004,0.05894286243358823,0.15191798692175382,0.05677981210953333,4
10,rolling_mean_30_rel,0.058940192640337105,0.03584055724934982,0.1150463843215995,0.13636420405621733,6
10,rolling_std_30,0.05514195918251336,0.04836354232157898,0.2671789434204811,0.07713048000947328,1
10,rolling_mean_10_rel,0.04250613759330149,0.030488963923675554,-0.1110054764565227,0.03789159880360209,27
10,rolling_std_5,0.03931659883992449,0.033339264971979046,0.17389203791398772,0.059148707965747345,3
10,trend_10,0.03908377778615352,0.03230363316538613,-0.02900428849383374,0.025946983905167174,21
10,month,0.037028455606364793,0.030294388693510907,-0.2895784033153525,0.06666142154023608,29
10,rolling_std_10,0.03636830847274533,0.03263849623484726,0.018007150517259873,0.02953116789005599,8
10,lag_1_rel,0.0339058382815089,0.027014802100992375,-0.08064114638548503,0.07193369387651222,24
10,lag_30_rel,0.03335606909407891,0.044115280683133744,-0.09563393928831232,0.03550852298619295,26
10,lag_5_rel,0.032731781082560356,0.02306198679742676,-0.029673608464339907,0.039295763420642574,22
10,lag_14_rel,0.03236074080866042,0.033522316888477025,-0.011704120927198147,0.013539940823806393,20
10,rolling_mean_5_rel,0.029283239875191682,0.03670005310929801,0.027610732794359903,0.03243758150489444,7
10,lag_7_rel,0.027386486821079796,0.030175357388109145,-0.038981414897927634,0.035230718647476,23
10,lag_10_rel,0.027046689831020942,0.0314536294245202,-0.003331703069648739,0.02852164649533344,19
10,trend_5,0.02654047953232568,0.023506247034724256,0.011465769705043271,0.014718839109038158,9
10,lag_2_rel,0.02624158161133104,0.02208977945457643,0.006256043512874498,0.013882249794984206,10
10,rolling_mean_3_rel,0.02572164627752497,0.02007156304759788,-0.09332283532391017,0.09920309564429948,25
10,lag_3_rel,0.02532713378055328,0.02651247281786875,0.1873266875265493,0.07129583626224562,2
10,day_of_week,0.021980214137091083,0.01391132473582721,4.6967004763587285e-06,0.0016083619103223032,11
10,variation_20,0.0,0.03359430044289521,0.0,0.0,12
10,variation_10,0.0,0.02011207134284629,0.0,0.0,12
10,variation_5,0.0,0.0205102069493006,0.0,0.0,12
10,variation_3,0.0,0.031689522125011596,0.0,0.0,12
10,variation_1,0.0,0.03191095536226635,0.0,0.0,12
10,quarter,0.0,0.0,0.0,0.0,12
10,days_since_previous_observation,0.0,0.0,0.0,0.0,12
20,trend_30,0.13199131156288282,0.15166682026385186,-1.1921585801769765,0.3580080355537526,31
20,rolling_std_20,0.09372449094154228,0.05142956487964917,0.19776335564316838,0.06205432927857879,4
20,rolling_mean_30_rel,0.06802659932814203,0.047663905234448085,0.1970907600400082,0.1262976911234698,5
20,trend_20,0.054749925864240774,0.03246936455515583,-0.6768406774664882,0.09213463462456604,29
20,month,0.05177094471113827,0.04697376556396679,-0.9819306282206114,0.18774260661489478,30
20,rolling_mean_20_rel,0.0477273959745049,0.03827638988614268,-0.0583129690619927,0.05619405953239481,24
20,trend_10,0.04591816713349293,0.03811986683735906,-0.08391241895568839,0.03913381142303785,25
20,rolling_std_30,0.04278741545239563,0.04938937062395395,1.509816205538121,0.25623846852749627,1
20,rolling_mean_3_rel,0.0376681328583413,0.012848987835998936,0.12212502080218286,0.10947588814315469,6
20,rolling_std_10,0.03663170795181177,0.037064808099547486,0.014655217365370277,0.04353522944981036,12
20,variation_10,0.03454910401873417,0.0390305723834387,-0.03836039214299092,0.014078340715812699,23
20,variation_20,0.03451007007771572,0.05385384410054483,0.018757572832214464,0.008719595593285119,10
20,lag_30_rel,0.03108558820871641,0.04053268510234909,-0.12184122054426752,0.03255985405529143,27
20,variation_1,0.028827778977753894,0.024234466687955935,-0.02761911627830784,0.010841390913837474,21
20,rolling_mean_10_rel,0.028557129975619606,0.04549685253759922,0.42695646576519836,0.15355324802056386,3
20,lag_14_rel,0.025687546003893003,0.020428827342383212,0.015834626739624012,0.027083944615520952,11
20,lag_5_rel,0.024286388162018425,0.018611685926962666,0.060994537927204814,0.056541098858543165,7
20,variation_5,0.02419193536635899,0.014135321505246434,-0.01378155270448076,0.005275912978339123,20
20,rolling_mean_5_rel,0.02365814120291022,0.02344837666628914,0.03858603562359235,0.015032043515517905,8
20,lag_10_rel,0.01952417533137245,0.030030860826017962,-0.1327099530870683,0.025853625070747944,28
20,trend_5,0.018861207284491855,0.020706860696133325,0.005842737971155998,0.0015164429763843276,14
20,lag_7_rel,0.018838556074477906,0.012708434819263079,-0.03033369629073377,0.08996008933418333,22
20,lag_20_rel,0.018617714416005047,0.033823137966054,-0.08830134356512787,0.0355282238365641,26
20,lag_2_rel,0.014100244002673495,0.021394894581570918,0.020505401351817908,0.028754749526911424,9
20,lag_1_rel,0.012431322579712849,0.016048070442609717,0.006668159394010331,0.017941709688879825,13
20,rolling_std_5,0.010794759560496834,0.04782561372079516,0.7151568055215691,0.18390533982360452,2
20,lag_3_rel,0.006966317107783021,0.010936164522121969,0.0,0.0,15
20,day_of_week,0.006793549248593716,0.0,-0.012045697425899959,0.008436212410673126,19
20,variation_3,0.0067223806221796845,0.020850486392590788,-0.0022285205561047407,0.001141361880287988,18
20,quarter,0.0,0.0,0.0,0.0,15
20,days_since_previous_observation,0.0,0.0,0.0,0.0,15
