candidate,is_default,cv_score_relatif_mean,cv_score_relatif_std,cv_mae_mean,fold1_score,fold2_score,fold3_score,fold4_score,fold5_score,n_estimators,max_depth,learning_rate,subsample,colsample_bytree,min_child_weight,reg_alpha,reg_lambda,objective,horizon
23,False,1.0230669599014595,0.12079641925035672,15.365901180331871,1.2493470223303809,0.9112568180949476,0.9885780445872497,1.0324056279798226,0.9337472865148962,200,4,0.02,0.6,1.0,50,0.1,1.0,reg:absoluteerror,5
3,False,1.0275258550781516,0.14673414925173278,15.32035734354954,1.3108215638549288,0.9127047213746744,0.9899014959962313,1.008131820924161,0.9160696732407622,100,4,0.05,1.0,1.0,50,0.001,50.0,reg:absoluteerror,5
1,False,1.033536966055675,0.15005426558919427,15.357426153983601,1.3199998141254239,0.9107398807944272,0.9903523460936065,1.0295038734169262,0.917088915847992,300,3,0.02,1.0,1.0,50,0.001,50.0,reg:absoluteerror,5
10,False,1.0426710328607833,0.1354292401962601,15.432411073856048,1.296642836213487,0.9139414005722474,0.9752287994730148,1.0607472767865318,0.9667948512586355,500,3,0.05,0.6,0.9,50,0.0,1.0,reg:absoluteerror,5
29,False,1.0539005081009494,0.08337448883721778,16.16487254287045,1.155960648699486,0.9756891378604889,1.0019562362753212,1.1549262739695914,0.9809702436998594,500,4,0.02,0.6,0.9,1,0.001,50.0,reg:squarederror,5
30,False,1.0570817331961886,0.18602823812112365,15.33733310787689,1.3996201264919468,0.934772311492539,0.9251266649458846,1.1115148082336754,0.9143747548168968,200,4,0.02,1.0,0.7,20,0.01,10.0,reg:absoluteerror,5
16,False,1.0581919917157498,0.09335199388159061,16.367352911356377,1.2343730588771131,1.066079340000926,0.9722956129890928,1.0208092387983225,0.9974027079132944,200,2,0.01,0.8,0.5,5,0.01,50.0,reg:absoluteerror,5
5,False,1.0584829309705581,0.12118649000482552,16.30042611688682,1.245564826503087,1.0983571125268683,0.9094587889811434,1.0956627205507319,0.9433712062909604,100,2,0.1,0.6,0.5,1,0.01,1.0,reg:absoluteerror,5
22,False,1.0635011893293247,0.16430018394466633,16.12365548765009,1.3634568559206315,1.0925319431381042,0.9097722757099339,1.026697576913814,0.9250472949641405,300,4,0.01,1.0,0.5,5,0.0,50.0,reg:absoluteerror,5
11,False,1.0714232499418812,0.06163539728479161,16.99050219548868,1.15785135378002,1.0858917095406728,1.04418385527824,1.0972875027001703,0.971901828410302,200,4,0.1,0.6,0.7,5,0.1,5.0,reg:squarederror,5
25,False,1.071932794848108,0.13630683012592107,15.993246512941576,1.2766583925784685,0.9491818094303435,0.9923751442019559,1.192348826921648,0.9490998011081242,500,5,0.01,0.6,0.5,10,0.0,50.0,reg:squarederror,5
19,False,1.0788406321058646,0.07954725469722035,17.173946888335323,1.1893900856383712,1.100307646684512,1.0688529672409794,1.093362799102686,0.942289661862773,300,4,0.1,0.8,0.5,1,0.1,10.0,reg:squarederror,5
12,False,1.0798568091378609,0.1400384416730029,16.071180384110036,1.3537271696601896,1.014721545572641,0.9578868869669888,1.027377818431824,1.0455706250576613,100,2,0.01,1.0,1.0,1,0.001,50.0,reg:absoluteerror,5
7,False,1.0844092623046626,0.16021536562855784,16.336685090210175,1.3435017408526881,1.0932281201992815,0.8998138517237695,1.1513604492279979,0.934142149519576,100,3,0.1,1.0,1.0,5,0.01,10.0,reg:absoluteerror,5
21,False,1.0851906286055182,0.15455998361026468,16.38725836220943,1.3499074914520481,1.0755109487711274,0.9374438318045024,1.1356859644485724,0.9274049065513409,500,2,0.05,0.8,0.7,10,0.0,10.0,reg:absoluteerror,5
28,False,1.0892676317436751,0.13885818497299407,16.030067147834014,1.3419453158018328,0.9443798611178801,1.0025750241776592,1.1224873647075149,1.034950592913489,500,2,0.01,0.6,0.7,1,0.01,50.0,reg:squarederror,5
0,True,1.092196981839226,0.07718904087104883,17.328051337865876,1.217112240531388,1.1482048628907118,1.0376132610169604,1.0223254594351607,1.03572908532191,200,3,0.05,0.8,0.8,10,0.01,10.0,reg:squarederror,5
2,False,1.094227708434303,0.11238198520306904,16.327779556750546,1.2781554282093648,0.9790051384833763,0.9978865198586658,1.1645231849414648,1.0515682706786447,100,4,0.05,0.6,0.7,20,0.0,10.0,reg:squarederror,5
6,False,1.1075269629425057,0.05572377258531006,17.567377044025722,1.2076869839598783,1.12115652161453,1.093372987531307,1.0661926045622951,1.0492257170445183,500,3,0.1,0.8,0.5,1,0.001,10.0,reg:squarederror,5
4,False,1.1178337399654983,0.24679780511541094,16.022794323721588,1.608962114736312,1.0204414119939713,0.9530728436702369,0.9876542197416375,1.0190381096853336,100,4,0.02,1.0,0.5,1,0.0,10.0,reg:squarederror,5
18,False,1.1383519135349354,0.29152702013768284,15.857306839856562,1.7196749877672557,0.9743393641236605,0.962647756052767,1.0128256468353098,1.0222718128956834,200,3,0.01,0.6,0.9,5,0.001,10.0,reg:squarederror,5
24,False,1.1400725799979836,0.057487286837971475,18.145707822163548,1.2377282097475832,1.1670771428100195,1.1248582342419375,1.081025347562799,1.0896739656275791,500,2,0.1,0.8,1.0,10,0.1,5.0,reg:squarederror,5
14,False,1.1470427064264332,0.31177204281602405,15.77225701641191,1.76652758997687,0.9734986143993142,0.9412541824354665,1.0052353948674801,1.048697750453035,200,3,0.01,1.0,0.5,20,0.001,5.0,reg:squarederror,5
17,False,1.1486787817570066,0.12350516289649377,17.703898408705776,1.3826309920166937,1.13482629025849,1.0807797434662234,1.123319426611286,1.0218374564323398,300,5,0.1,1.0,0.5,5,0.01,1.0,reg:squarederror,5
9,False,1.1703489557371949,0.1029913395296261,17.778436173042756,1.2763484194722774,0.9741541314979316,1.2155153413057633,1.1815945026397023,1.2041323837703009,500,4,0.02,0.6,1.0,50,0.01,5.0,reg:squarederror,5
26,False,1.1726625055486364,0.23383801567135212,17.308582756151814,1.3210637096938902,1.009017941305011,1.0204898919198557,1.5624979728833481,0.9502430119410772,500,5,0.1,0.8,0.5,1,0.01,50.0,reg:absoluteerror,5
13,False,1.2013509687918245,0.370583114774925,15.949963620992904,1.9307485611377773,0.920137997325322,0.9871486798766046,1.1182799688478093,1.0504396367716091,100,2,0.02,0.6,1.0,20,0.1,50.0,reg:squarederror,5
15,False,1.2400121095793653,0.16183520958843237,19.00223748138591,1.3023818580857087,1.0068570201230032,1.3218587396034973,1.4606177418958064,1.108345188188811,500,2,0.05,1.0,0.9,50,0.001,50.0,reg:squarederror,5
8,False,1.2718099747492297,0.40598570697653324,16.485152501446308,2.0364642002231097,0.9283543033573742,0.9825951508035276,1.326460187124214,1.0851760322379234,100,2,0.02,1.0,1.0,50,0.001,50.0,reg:squarederror,5
27,False,1.3323776996621983,0.19479109233350894,19.328063377999616,1.536661467797488,0.9635358852262987,1.3549780496176647,1.4293847697157316,1.3773283259538087,200,5,0.1,0.6,0.9,50,0.0,50.0,reg:squarederror,5
20,False,1.4622104469311008,0.245815550627178,21.63464326035636,1.625415165529805,1.0015930080994577,1.6370449588020473,1.6358436751200724,1.4111554271041218,500,4,0.1,0.6,1.0,50,0.01,50.0,reg:squarederror,5
3,False,1.0734566844885753,0.16047626896702588,20.442469405147676,1.271779626803641,0.8348102192598191,0.9649992096074944,1.2173026481933367,1.0783917185785858,300,2,0.05,0.6,1.0,50,0.01,5.0,reg:absoluteerror,10
9,False,1.0740326039559656,0.18885619685793315,20.399418280165442,1.3226188526270268,0.8286694319497113,0.9684820058572119,1.266544722768246,0.9838480065776308,100,3,0.1,0.6,0.9,50,0.001,50.0,reg:absoluteerror,10
23,False,1.0826058040030762,0.21183869537486213,20.216559908607742,1.423733186873305,0.8334863732063476,0.9483729771715116,1.2199934758967728,0.9874430068674432,500,5,0.02,1.0,0.5,50,0.01,10.0,reg:absoluteerror,10
15,False,1.0848151156011638,0.17753513786916555,20.46201250626029,1.3404277307345722,0.8469990409049748,0.9502893030924471,1.2166279503267836,1.0697315529470421,500,2,0.05,0.8,1.0,20,0.001,10.0,reg:absoluteerror,10
29,False,1.0851181663450755,0.19861891343492183,20.329355245875075,1.3584089132306716,0.824965852226378,0.9516197240900682,1.267394864265567,1.0232014779126923,100,3,0.05,0.8,0.7,50,0.01,10.0,reg:absoluteerror,10
22,False,1.0910788923471058,0.1958459607199159,20.51519505271272,1.3590218327943413,0.8316782819863843,0.9662380914589352,1.272411350913077,1.0260449045827913,300,3,0.02,0.6,0.9,50,0.01,5.0,reg:absoluteerror,10
5,False,1.092005834534889,0.14842816225716596,21.016764428162183,1.2822152415005452,0.9019378929810421,0.9470611596520547,1.2207821336687281,1.1080327448720746,300,2,0.02,0.6,0.9,5,0.1,5.0,reg:absoluteerror,10
27,False,1.1021382824162838,0.16678628783126945,21.374386846289525,1.3897288099035507,0.9736096491040731,0.9295349022809863,1.1795376145300913,1.0382804362627167,100,4,0.02,0.8,0.5,5,0.001,1.0,reg:absoluteerror,10
30,False,1.120125381991667,0.20087602710074004,20.673374282310817,1.4120121762729947,0.8867755161150979,0.9022836986975239,1.1684582025043537,1.231097316368364,100,2,0.01,0.6,0.9,10,0.0,10.0,reg:absoluteerror,10
7,False,1.1259480402762345,0.20302573581132732,21.361618269930297,1.347493479806223,0.8468652232392399,1.0235951898209044,1.373029472829338,1.0387568356854677,300,5,0.02,0.8,1.0,20,0.0,10.0,reg:absoluteerror,10
28,False,1.1462174147430464,0.19161092771214752,22.07226929902377,1.4780626644125396,0.9365583592736676,1.0550953870084316,1.23244444330738,1.0289262197132127,200,4,0.1,1.0,0.5,10,0.01,5.0,reg:absoluteerror,10
13,False,1.1524210145090863,0.2131423284380779,21.74134847595865,1.3920067221652148,0.899812249327784,0.9777319503697182,1.4162793868855343,1.0762747637971795,300,4,0.02,0.8,0.9,10,0.0,50.0,reg:absoluteerror,10
6,False,1.159142643344295,0.18112149866209695,22.394175481732482,1.4263868200537209,0.9896113274779775,0.9864401844990104,1.3215910540340512,1.0716838306567156,300,4,0.1,1.0,0.7,5,0.1,10.0,reg:absoluteerror,10
10,False,1.1602876839483502,0.18234830803710872,22.140996639453686,1.4050537445364175,0.9166561303841901,1.035592056226244,1.331167039123484,1.1129694494714153,500,5,0.1,1.0,0.7,10,0.01,1.0,reg:absoluteerror,10
20,False,1.1608178752758567,0.22264735512102232,21.900674261461194,1.4249159701240177,0.8918726703085555,1.0119292371754347,1.4271517490252679,1.0482197497460082,500,5,0.02,0.6,0.9,10,0.01,50.0,reg:absoluteerror,10
1,False,1.1961607024975025,0.19235752692288224,22.66685014103214,1.4906144756810984,1.0164704661651953,0.9599266993817526,1.294522016536964,1.2192698547225025,500,4,0.1,0.8,0.9,5,0.1,1.0,reg:absoluteerror,10
12,False,1.2900213310223283,0.18155555125809192,26.00086282126597,1.1625287577087489,1.0128569662294242,1.3242523686101864,1.4439436135025943,1.5065249490606873,300,5,0.05,0.6,1.0,20,0.01,5.0,reg:squarederror,10
4,False,1.3144924730015723,0.18659771226209337,26.357870240824013,1.1875517127986586,1.0464408529744356,1.2957782220496656,1.5113185263411681,1.5313730508439334,100,3,0.1,0.8,0.7,20,0.001,1.0,reg:squarederror,10
25,False,1.317176734640471,0.18998336380303144,25.51881510134214,1.3686599537641662,1.134249770845294,1.0602735241019101,1.4729467079819583,1.5497537165090274,500,4,0.01,1.0,0.5,5,0.001,1.0,reg:squarederror,10
2,False,1.3275168036694283,0.2695385214154686,23.933954889684056,1.660764781072053,1.0083089952500335,1.007862945466935,1.4535955670489362,1.5070517295091825,100,4,0.02,0.8,0.7,5,0.01,5.0,reg:squarederror,10
0,True,1.329034978018112,0.22216425626100886,25.705782425206205,1.2790136451792535,1.067449590389715,1.1522559227908182,1.4606566268144556,1.6857991049163175,200,3,0.05,0.8,0.8,10,0.01,10.0,reg:squarederror,10
24,False,1.3440544751003825,0.3564291479049114,24.874627137774283,1.2756779213125695,0.9145846124975796,1.097211906179706,1.9486454694904987,1.4841524660215577,500,5,0.01,0.8,0.5,20,0.001,50.0,reg:squarederror,10
21,False,1.368942809169263,0.2944073329418718,24.319635432343198,1.684313601156692,0.9658831555230583,1.0644458429397385,1.5347099636641082,1.5953614825627183,100,4,0.02,0.8,0.9,10,0.001,5.0,reg:squarederror,10
19,False,1.381356354321794,0.2308824046639242,26.13613101729756,1.481801256581534,1.1165786249287115,1.1300662840051239,1.453485999435692,1.724849606657908,100,2,0.1,1.0,0.5,10,0.0,5.0,reg:squarederror,10
17,False,1.4187652390950047,0.3901434809679162,24.085432028160305,1.6317045166521251,0.8244857730523293,1.0895949249782084,1.7441643673020448,1.8038766134903164,300,2,0.01,1.0,0.9,50,0.01,50.0,reg:squarederror,10
8,False,1.4433661296250722,0.34600860029901503,26.150396736207664,1.4414966271254057,0.8600659011341075,1.346736698747788,1.6931481756558993,1.8753832454621602,500,5,0.02,0.6,0.9,50,0.0,1.0,reg:squarederror,10
16,False,1.5127023259103094,0.5056095667794623,24.837220606311213,2.406883594828633,1.033486841505792,1.0274841540111557,1.473353105507755,1.6223039336982104,200,2,0.01,0.8,1.0,10,0.0,1.0,reg:squarederror,10
18,False,1.521389771073246,0.4623742813069689,24.846048585583997,1.9748657584163465,0.8723145043818931,1.0540945533708233,1.897172837769906,1.8085012014272608,100,3,0.02,0.6,0.7,5,0.01,50.0,reg:squarederror,10
26,False,1.632501807065464,0.790246360559631,23.741452493314796,3.0977208844036896,0.8915861430588201,0.9822471799190491,1.6184000515758385,1.5725547763699228,100,3,0.01,0.6,1.0,5,0.1,10.0,reg:squarederror,10
11,False,1.737289903608475,0.8407531358043896,24.917895383962072,3.256578242388343,0.9010870371580778,1.0187371757416621,1.8254149398717414,1.6846321228825503,100,4,0.01,1.0,0.7,20,0.0,50.0,reg:squarederror,10
14,False,1.7531870912530991,0.8749822386512258,24.827931544444578,3.3531681357357677,0.9128303805383341,1.0049105346483036,1.7171104508161488,1.7779159545269403,100,2,0.01,1.0,1.0,20,0.01,50.0,reg:squarederror,10
7,False,1.1731327292037133,0.4048683409934803,29.776708165323935,1.1741094084976778,0.7709673304700289,0.961113946770872,1.940654163448142,1.018818796831846,100,2,0.05,0.8,1.0,1,0.0,50.0,reg:absoluteerror,20
8,False,1.2235379921407485,0.4090874913241554,30.764546558212977,1.360432943527776,0.8338490372447492,0.9547047204505646,1.9628107886153372,1.0058924708653156,200,2,0.05,0.8,0.9,1,0.1,1.0,reg:absoluteerror,20
17,False,1.2619432262926122,0.4905766702882587,31.398908434658534,1.1998492357437172,0.7692918695346556,1.024463061252639,2.1996087796076447,1.1165031853244052,500,3,0.05,0.6,0.7,10,0.01,1.0,reg:absoluteerror,20
18,False,1.2639761454941427,0.5689014390318906,31.220239010422254,1.1816304064984087,0.7786344373929399,0.9677261694328269,2.3723134172630673,1.0195762968834705,300,4,0.01,0.6,0.7,20,0.0,5.0,reg:absoluteerror,20
1,False,1.2762500941580812,0.5369777109034528,30.750851965305362,1.3494389722605862,0.7637488190459036,0.9572591916087424,2.2816780400704384,1.0291254478047362,200,3,0.02,1.0,0.5,1,0.0,1.0,reg:absoluteerror,20
26,False,1.2897614202002716,0.46723041500522283,31.892171741606695,1.2564256793787456,0.8103003187033561,0.9998775739663548,2.1677286079663003,1.2144749209866008,300,4,0.05,0.6,1.0,5,0.01,1.0,reg:absoluteerror,20
22,False,1.2993985719540568,0.49491482424311906,31.375942538118505,1.2323410257271825,0.7694574259210192,0.9764131896224166,2.2131880186531125,1.3055931998465538,500,3,0.05,0.6,0.5,20,0.0,5.0,reg:absoluteerror,20
11,False,1.3091211999460897,0.6582305934429254,31.98878772190477,1.066956740058865,0.7980734204395373,0.9291406368174212,2.603754660686486,1.147680541728138,200,4,0.05,1.0,0.9,50,0.001,1.0,reg:absoluteerror,20
15,False,1.3191438666947284,0.4559507919153431,30.70766618437377,1.7466390568007812,0.8316250934432396,0.89893150284441,1.9636980022000163,1.1548256781851955,100,5,0.01,0.6,0.5,5,0.1,50.0,reg:absoluteerror,20
29,False,1.3309885536187012,0.638150460594492,30.867036288448293,1.4154159688220496,0.7301165109720604,0.9399951173801651,2.527475067523018,1.0419401033962115,300,3,0.02,1.0,1.0,1,0.01,5.0,reg:absoluteerror,20
16,False,1.355151936566771,0.6230574924686881,31.956557468519996,1.3682255843569227,0.7576816214913372,0.9887918877049837,2.5368137522168572,1.1242468370637537,100,4,0.05,0.8,0.9,10,0.01,1.0,reg:absoluteerror,20
24,False,1.3685748081558953,0.5983650456967554,31.745980796354115,1.5204977121404035,0.7511324541237137,0.9918643072655768,2.4565111853663817,1.1228683818834009,200,5,0.01,1.0,0.5,10,0.0,5.0,reg:absoluteerror,20
9,False,1.3997992147040434,0.593230295793973,32.239613377541815,1.4851151992880267,0.7742105199183369,0.9667535326640915,2.4779683337756286,1.2949484878741342,300,4,0.1,0.6,0.5,50,0.01,50.0,reg:absoluteerror,20
19,False,1.4254773852861433,0.6414431693424401,32.0750641725165,1.7233067439398964,0.7887777465504724,0.9323436653973364,2.5392837084750512,1.14367506206796,500,3,0.1,0.8,1.0,1,0.1,1.0,reg:absoluteerror,20
20,False,1.5099475170225574,0.6740540902916282,34.0864921823302,1.6280670211907975,0.7710503217222233,1.0548447910161174,2.728308725229966,1.3674667259536823,300,4,0.1,0.8,1.0,10,0.001,5.0,reg:absoluteerror,20
2,False,1.5132787726814496,0.5925818271434788,33.92418595308543,1.610612247549763,0.7651163166114161,1.056132364919046,2.493739018387892,1.6407939159391307,100,2,0.05,0.6,0.5,1,0.01,1.0,reg:squarederror,20
23,False,1.525683748970279,0.6562904716832609,34.8994698078783,1.5662712299792898,0.8030882335720438,1.0734735364112593,2.7181226660033837,1.467463078885418,300,5,0.05,0.8,0.5,5,0.1,50.0,reg:absoluteerror,20
3,False,1.5834265635467546,0.8574406611018869,35.607690279832795,1.096950049372403,0.7470941065821683,1.0393977416786837,3.1090456067134267,1.9246453133870902,300,3,0.02,1.0,0.5,1,0.001,5.0,reg:squarederror,20
0,True,1.6493089318321927,0.8978013650613411,36.77787979557708,1.1240458520336838,0.7000944040500183,1.1593644189832641,3.216243932676475,2.0467960514175223,200,3,0.05,0.8,0.8,10,0.01,10.0,reg:squarederror,20
30,False,1.6586276197650214,1.0350434356074516,36.79188274409447,1.1637946821195695,0.7116726468308702,1.1032990126815392,3.6350315097214856,1.679340247471644,100,4,0.05,0.8,0.5,5,0.0,1.0,reg:squarederror,20
13,False,1.6707072093552668,0.8096421087154274,35.52724637052446,1.5251221444236276,0.7373196765371537,1.0193722226949358,3.0175118036426074,2.0542101994780095,500,2,0.01,1.0,0.9,20,0.0,5.0,reg:squarederror,20
10,False,1.7100181445735234,0.7930641315156935,35.312594774263324,1.8791045775253135,0.7166902917015073,1.043370763055673,2.9910321943451748,1.9198928962399482,200,3,0.01,0.8,0.5,5,0.0,5.0,reg:squarederror,20
28,False,1.7311487700085622,0.9864234234528472,38.28786923996493,1.0941674523051128,0.7099375878270575,1.1943118629617404,3.4283581710294553,2.2289687759194434,200,3,0.05,1.0,0.9,20,0.01,10.0,reg:squarederror,20
27,False,1.7478760363673955,1.0446928959151347,37.606493475154714,1.1885765373972121,0.7348051123635277,1.0548819304187476,3.612544828005734,2.1485717736517564,500,3,0.01,0.8,0.5,20,0.1,50.0,reg:squarederror,20
5,False,1.8067491697290605,0.9027490774436253,35.48813625400321,2.4162021239289704,0.7055978720674636,1.0410534992863685,3.181771403229904,1.6891209501325963,200,5,0.01,0.8,0.9,5,0.001,10.0,reg:squarederror,20
4,False,1.8390637908604623,0.9127952056892844,35.605841993285836,2.475073837114767,0.725321762776462,0.9941077852174643,3.1831752948135734,1.817640274380045,100,5,0.02,0.6,1.0,10,0.0,50.0,reg:squarederror,20
14,False,1.839313244491035,1.03426396651719,37.091208658043406,2.2649407479820223,0.7214023873680526,1.0996894401437565,3.6381804579605097,1.4723531890008343,200,5,0.01,0.8,1.0,5,0.0,1.0,reg:squarederror,20
12,False,1.8628474876245167,1.1632420392955582,39.48267573571929,1.2463933058577166,0.7416591743573644,1.1003687876761241,3.95608791623799,2.2697282539933883,100,4,0.05,0.6,0.9,20,0.1,50.0,reg:squarederror,20
25,False,1.877758752078774,1.0916672376036298,38.640495465791645,1.474034290614018,0.7236551911630461,1.0658107054552755,3.768536076467866,2.3567574966936653,200,4,0.02,0.8,0.9,10,0.0,50.0,reg:squarederror,20
21,False,2.0697680056986365,1.1098653686021238,41.9743835954622,1.740643597575501,0.7618490332287381,1.2059961662509513,3.803337387036859,2.8370138444011332,200,4,0.1,0.6,0.5,50,0.1,10.0,reg:squarederror,20
6,False,2.231446616607994,1.3086573640233061,36.99115336016585,4.144665623787001,0.7606297944841844,0.9094554896898142,3.221110388107588,2.12137178697138,100,4,0.01,1.0,0.7,50,0.0,50.0,reg:squarederror,20
