horizon,split,model,n,mae,rmse,mape_pct,smape_pct,bias,r2_level,r2_return,r2_oos_vs_naive,directional_accuracy,mae_ratio_vs_naive,rmse_ratio_vs_naive
5,holdout,xgboost,358,32.336100952929876,58.3001374462413,1.3947074628292153,1.370359803877947,18.217127155246853,0.9579252624022216,-0.15144119399624945,-0.13188963912073048,0.5434173669467787,1.0256851174126698,1.0855143488398766
5,holdout,naive,358,31.5263431280927,53.70738535934462,1.363529634646993,1.3494737856338985,8.225877374301675,0.9642932535996038,-0.017273375601093877,0.0,,1.0,1.0
5,holdout,drift,358,34.54030815646594,54.5013607583137,1.499062078173133,1.4948510155794477,1.0832220601969298,0.9632297188862223,-0.08947903566964577,-0.07097960273057025,0.4481792717086835,1.0956014789323134,1.0147833560255588
5,walk_forward_pooled,xgboost,750,13.902686064770082,31.939704600983504,0.554967311297742,0.5544598493976995,1.1280387785498864,0.9918620441025287,0.0241497813447048,0.05610933071401991,0.6866666666666666,0.9161972110900033,0.9780940066224144
5,walk_forward_pooled,naive,750,15.17433790071245,32.655045818426714,0.6046332560100937,0.6069374390498397,-5.701458666666666,0.991493436731447,-0.033859376312609824,0.0,,1.0,1.0
5,walk_forward_pooled,drift,750,14.902146768790292,33.446757210765654,0.5940314979645329,0.5934270188567494,0.2418750385867364,0.9910759585898616,-0.06619835851452649,-0.031279865466092405,0.648,0.9820624047188656,1.0242446878421523
10,holdout,xgboost,353,45.67871358928703,88.24218925263591,1.969734051185163,1.9079638395340353,30.92407670986116,0.9019098194783297,-0.21108664218508588,-0.16911487596206798,0.5042735042735043,1.0541744095723378,1.0929108417308664
10,holdout,naive,353,43.33126774327426,80.74051961355316,1.8676146501267488,1.8252908314010625,16.66916292353606,0.9178786527946721,-0.03590046374910694,0.0,,1.0,1.0
10,holdout,drift,353,50.165056088339014,83.63953632214803,2.1716290090045933,2.15679164189861,2.3436287341818023,0.9118755908104822,-0.1983944841490184,-0.15686258099722883,0.47293447293447294,1.1577103256141281,1.0359053511479785
10,walk_forward_pooled,xgboost,750,18.74998896198919,39.3576032304298,0.7516428928609031,0.7528075401246205,0.7827895515285497,0.9876430631276631,0.0022953153211997535,0.0807773403159161,0.7226666666666667,0.9119776216273696,0.9683407080268112
10,walk_forward_pooled,naive,750,20.559702910835632,40.64437537757638,0.8216260376457514,0.8292754952515861,-11.418569333333332,0.9868218499277802,-0.08537868836010731,0.0,,1.0,1.0
10,walk_forward_pooled,drift,750,19.548673617843864,41.845816266188855,0.7821674117912033,0.7825785352595446,0.5049001050918132,0.9860312472839442,-0.11725448771853686,-0.029368366727921202,0.72,0.9508247129165022,1.0295598315253065
20,holdout,xgboost,343,70.72732976242868,141.7985501691916,3.0847725088846625,2.913838166919301,56.523899168754426,0.7365012861578228,-0.19734781635284349,-0.12777059467654794,0.5276967930029155,1.0596903814735976,1.0625675237429106
20,holdout,naive,343,66.74339127630448,133.4489780656047,2.903990444456148,2.7682786405178827,34.33043480337711,0.7666190390729306,-0.0616944811335951,0.0,,1.0,1.0
20,holdout,drift,343,87.70549762007418,144.4646567819623,3.8398429367118374,3.7829523774608194,5.649572636072245,0.7264994908251678,-0.39507509801778573,-0.31400805298359735,0.46938775510204084,1.3140701415214386,1.0825459953012317
20,walk_forward_pooled,xgboost,750,28.581800283212996,52.19947795346401,1.1444192438379572,1.158434276061671,-3.1757126863067486,0.97826368792021,-0.028037211104350535,0.13088450052537393,0.7706666666666667,0.9712216718610899,0.933864964523191
20,walk_forward_pooled,naive,750,29.428709337224245,55.89617336176201,1.180498368944468,1.2045888283190354,-22.858022133333336,0.9750760026747255,-0.1828545362794607,0.0,,1.0,1.0
20,walk_forward_pooled,drift,750,29.229039770355893,58.548833925580354,1.1770987558156487,1.1831398961311232,1.0516545483048079,0.9726542372550361,-0.24178698542880395,-0.049822228635744814,0.752,0.9932151436007494,1.0474569260162092
